timestamp,buyer,seller,symbol,currency,price,quantity
100,,,KELP,SEASHELLS,2034,1
100,,,RAINFOREST_RESIN,SEASHELLS,10002,1
200,SUBMISSION,,SQUID_INK,SEASHELLS,1835,21
200,SUBMISSION,,SQUID_INK,SEASHELLS,1835,1
200,,,KELP,SEASHELLS,2035,1
200,,,RAINFOREST_RESIN,SEASHELLS,10004,1
300,,,KELP,SEASHELLS,2034,1
300,,,SQUID_INK,SEASHELLS,1836,1
500,,,KELP,SEASHELLS,2034,1
500,,,SQUID_INK,SEASHELLS,1836,1
600,SUBMISSION,,SQUID_INK,SEASHELLS,1835,28
600,,,KELP,SEASHELLS,2033,5
600,,,SQUID_INK,SEASHELLS,1834,5
700,,,KELP,SEASHELLS,2032,1
700,,,SQUID_INK,SEASHELLS,1834,1
800,SUBMISSION,,KELP,SEASHELLS,2033,3
800,SUBMISSION,,RAINFOREST_RESIN,SEASHELLS,10000,3
800,,SUBMISSION,SQUID_INK,SEASHELLS,1836,24
800,,SUBMISSION,SQUID_INK,SEASHELLS,1836,1
800,,,KELP,SEASHELLS,2032,1
800,,,RAINFOREST_RESIN,SEASHELLS,9996,1
900,SUBMISSION,,RAINFOREST_RESIN,SEASHELLS,9998,11
900,,SUBMISSION,SQUID_INK,SEASHELLS,1840,20
900,,SUBMISSION,SQUID_INK,SEASHELLS,1840,1
900,,,KELP,SEASHELLS,2035,15
1000,,SUBMISSION,SQUID_INK,SEASHELLS,1841,30
1000,,SUBMISSION,SQUID_INK,SEASHELLS,1841,1
1100,,SUBMISSION,SQUID_INK,SEASHELLS,1840,21
1100,,SUBMISSION,SQUID_INK,SEASHELLS,1840,1
1200,SUBMISSION,,KELP,SEASHELLS,2032,1
1200,,SUBMISSION,SQUID_INK,SEASHELLS,1839,1
1200,,,SQUID_INK,SEASHELLS,1839,1
1300,,SUBMISSION,RAINFOREST_RESIN,SEASHELLS,10002,1
1400,,,SQUID_INK,SEASHELLS,1842,6
1500,,SUBMISSION,KELP,SEASHELLS,2034,1
1500,SUBMISSION,,RAINFOREST_RESIN,SEASHELLS,9998,4
1500,,,SQUID_INK,SEASHELLS,1844,1
1800,,SUBMISSION,RAINFOREST_RESIN,SEASHELLS,10000,4
1900,,,KELP,SEASHELLS,2032,1
2200,SUBMISSION,,RAINFOREST_RESIN,SEASHELLS,9998,4
2600,,SUBMISSION,RAINFOREST_RESIN,SEASHELLS,10002,1
2600,,,RAINFOREST_RESIN,SEASHELLS,10002,4
3000,,SUBMISSION,KELP,SEASHELLS,2034,1
3000,,,SQUID_INK,SEASHELLS,1850,1
3100,,,RAINFOREST_RESIN,SEASHELLS,9998,1
3200,SUBMISSION,,KELP,SEASHELLS,2033,5
3200,,SUBMISSION,RAINFOREST_RESIN,SEASHELLS,10002,2
3200,SUBMISSION,,SQUID_INK,SEASHELLS,1849,5
3200,,,RAINFOREST_RESIN,SEASHELLS,10002,5
3300,,SUBMISSION,RAINFOREST_RESIN,SEASHELLS,10002,1
3700,,SUBMISSION,SQUID_INK,SEASHELLS,1851,5
3700,,,RAINFOREST_RESIN,SEASHELLS,9998,1
4000,,SUBMISSION,RAINFOREST_RESIN,SEASHELLS,10002,1
4000,,,KELP,SEASHELLS,2032,1
4000,,,SQUID_INK,SEASHELLS,1854,1
4200,,SUBMISSION,RAINFOREST_RESIN,SEASHELLS,10002,5
4300,,,KELP,SEASHELLS,2032,2
4300,,,SQUID_INK,SEASHELLS,1854,2
4500,SUBMISSION,,SQUID_INK,SEASHELLS,1854,8
4600,,SUBMISSION,SQUID_INK,SEASHELLS,1857,8
4800,,SUBMISSION,KELP,SEASHELLS,2034,1
5200,,,KELP,SEASHELLS,2033,5
5200,,,KELP,SEASHELLS,2033,4
5200,,,SQUID_INK,SEASHELLS,1859,5
5200,,,SQUID_INK,SEASHELLS,1859,4
5300,SUBMISSION,,RAINFOREST_RESIN,SEASHELLS,9998,12
5400,,,KELP,SEASHELLS,2035,1
5400,,,RAINFOREST_RESIN,SEASHELLS,10005,1
5400,,,SQUID_INK,SEASHELLS,1860,1
5500,SUBMISSION,,SQUID_INK,SEASHELLS,1859,8
5500,,,KELP,SEASHELLS,2032,8
5500,,,RAINFOREST_RESIN,SEASHELLS,10004,1
6200,,SUBMISSION,KELP,SEASHELLS,2034,1
6200,,SUBMISSION,SQUID_INK,SEASHELLS,1861,1
6300,,,KELP,SEASHELLS,2035,11
6300,,,SQUID_INK,SEASHELLS,1862,11
6600,,,KELP,SEASHELLS,2032,7
6600,,,SQUID_INK,SEASHELLS,1860,7
6700,,,KELP,SEASHELLS,2034,1
6700,,,RAINFOREST_RESIN,SEASHELLS,10004,1
6700,,,SQUID_INK,SEASHELLS,1861,1
6800,,,KELP,SEASHELLS,2032,1
6800,,,SQUID_INK,SEASHELLS,1859,1
7100,SUBMISSION,,RAINFOREST_RESIN,SEASHELLS,9998,5
7200,,,RAINFOREST_RESIN,SEASHELLS,10002,1
7200,,,RAINFOREST_RESIN,SEASHELLS,9996,1
7400,,SUBMISSION,RAINFOREST_RESIN,SEASHELLS,10002,1
7400,,,KELP,SEASHELLS,2035,13
7400,,,SQUID_INK,SEASHELLS,1862,13
7500,SUBMISSION,,SQUID_INK,SEASHELLS,1860,3
7600,,SUBMISSION,RAINFOREST_RESIN,SEASHELLS,10002,1
8000,,SUBMISSION,KELP,SEASHELLS,2034,1
8000,SUBMISSION,,SQUID_INK,SEASHELLS,1859,28
8000,SUBMISSION,,SQUID_INK,SEASHELLS,1859,2
8000,,,SQUID_INK,SEASHELLS,1858,1
8200,,,KELP,SEASHELLS,2032,1
8200,,,RAINFOREST_RESIN,SEASHELLS,9996,1
8200,,,SQUID_INK,SEASHELLS,1857,1
8700,,SUBMISSION,KELP,SEASHELLS,2034,1
9100,SUBMISSION,,RAINFOREST_RESIN,SEASHELLS,9998,1
9100,SUBMISSION,,SQUID_INK,SEASHELLS,1858,22
9100,,,RAINFOREST_RESIN,SEASHELLS,10005,11
9300,,SUBMISSION,RAINFOREST_RESIN,SEASHELLS,10002,11
9300,SUBMISSION,,SQUID_INK,SEASHELLS,1857,29
9300,SUBMISSION,,SQUID_INK,SEASHELLS,1857,1
9400,,SUBMISSION,RAINFOREST_RESIN,SEASHELLS,10002,1
9500,,SUBMISSION,RAINFOREST_RESIN,SEASHELLS,10002,1
9500,SUBMISSION,,SQUID_INK,SEASHELLS,1856,8
9700,SUBMISSION,,RAINFOREST_RESIN,SEASHELLS,10000,4
9700,,,RAINFOREST_RESIN,SEASHELLS,10002,1
9900,,SUBMISSION,SQUID_INK,SEASHELLS,1858,24
10100,,SUBMISSION,RAINFOREST_RESIN,SEASHELLS,10002,4
10100,,SUBMISSION,SQUID_INK,SEASHELLS,1857,20
10100,,SUBMISSION,SQUID_INK,SEASHELLS,1857,1
10200,,SUBMISSION,SQUID_INK,SEASHELLS,1857,20
10300,,SUBMISSION,SQUID_INK,SEASHELLS,1858,5
10300,,SUBMISSION,SQUID_INK,SEASHELLS,1858,24
10300,,SUBMISSION,SQUID_INK,SEASHELLS,1858,1
10300,,,KELP,SEASHELLS,2036,1
10300,,,RAINFOREST_RESIN,SEASHELLS,10004,1
10300,,,SQUID_INK,SEASHELLS,1861,1
10600,,SUBMISSION,KELP,SEASHELLS,2035,3
10600,,SUBMISSION,SQUID_INK,SEASHELLS,1858,3
10600,,,KELP,SEASHELLS,2033,4
10600,,,SQUID_INK,SEASHELLS,1857,4
10700,SUBMISSION,,RAINFOREST_RESIN,SEASHELLS,9998,3
10800,,,KELP,SEASHELLS,2033,6
10800,,,KELP,SEASHELLS,2033,6
10800,,,SQUID_INK,SEASHELLS,1857,6
10900,SUBMISSION,,KELP,SEASHELLS,2034,6
10900,,SUBMISSION,SQUID_INK,SEASHELLS,1860,1
11000,,SUBMISSION,SQUID_INK,SEASHELLS,1864,1
11200,SUBMISSION,,KELP,SEASHELLS,2034,5
11500,SUBMISSION,,SQUID_INK,SEASHELLS,1858,5
11600,SUBMISSION,,SQUID_INK,SEASHELLS,1860,7
11700,,SUBMISSION,RAINFOREST_RESIN,SEASHELLS,10000,4
11700,SUBMISSION,,SQUID_INK,SEASHELLS,1860,20
11700,SUBMISSION,,SQUID_INK,SEASHELLS,1860,2
11800,SUBMISSION,,SQUID_INK,SEASHELLS,1860,21
11800,SUBMISSION,,SQUID_INK,SEASHELLS,1860,1
11800,,,KELP,SEASHELLS,2033,4
11800,,,SQUID_INK,SEASHELLS,1858,4
11900,,SUBMISSION,RAINFOREST_RESIN,SEASHELLS,10002,1
11900,SUBMISSION,,SQUID_INK,SEASHELLS,1859,22
11900,SUBMISSION,,SQUID_INK,SEASHELLS,1859,1
12000,SUBMISSION,,SQUID_INK,SEASHELLS,1858,21
12100,SUBMISSION,,RAINFOREST_RESIN,SEASHELLS,9998,8
12400,,SUBMISSION,RAINFOREST_RESIN,SEASHELLS,10002,1
12500,,SUBMISSION,SQUID_INK,SEASHELLS,1858,3
12600,,SUBMISSION,SQUID_INK,SEASHELLS,1859,4
12700,,SUBMISSION,RAINFOREST_RESIN,SEASHELLS,10002,1
12700,,,RAINFOREST_RESIN,SEASHELLS,10002,1
12800,SUBMISSION,,SQUID_INK,SEASHELLS,1856,7
13100,SUBMISSION,,KELP,SEASHELLS,2033,2
13100,SUBMISSION,,RAINFOREST_RESIN,SEASHELLS,10000,2
13100,,,SQUID_INK,SEASHELLS,1852,2
13200,,SUBMISSION,KELP,SEASHELLS,2034,1
13300,,SUBMISSION,RAINFOREST_RESIN,SEASHELLS,10002,2
13700,,SUBMISSION,RAINFOREST_RESIN,SEASHELLS,10002,1
13900,SUBMISSION,,KELP,SEASHELLS,2033,3
13900,,,SQUID_INK,SEASHELLS,1849,3
14000,,SUBMISSION,RAINFOREST_RESIN,SEASHELLS,10002,6
14000,,SUBMISSION,SQUID_INK,SEASHELLS,1852,2
14000,,SUBMISSION,SQUID_INK,SEASHELLS,1852,1
14000,,,KELP,SEASHELLS,2032,1
14000,,,RAINFOREST_RESIN,SEASHELLS,9998,1
14000,,,SQUID_INK,SEASHELLS,1852,0
14000,,,SQUID_INK,SEASHELLS,1851,1
14100,,,KELP,SEASHELLS,2032,15
14100,,,SQUID_INK,SEASHELLS,1851,15
14200,,SUBMISSION,SQUID_INK,SEASHELLS,1852,21
14400,,SUBMISSION,RAINFOREST_RESIN,SEASHELLS,10002,4
14400,,SUBMISSION,SQUID_INK,SEASHELLS,1853,20
14400,,SUBMISSION,SQUID_INK,SEASHELLS,1853,2
14400,,,KELP,SEASHELLS,2032,1
14400,,,KELP,SEASHELLS,2032,2
14400,,,RAINFOREST_RESIN,SEASHELLS,9996,2
14400,,,SQUID_INK,SEASHELLS,1853,1
14500,,SUBMISSION,SQUID_INK,SEASHELLS,1852,1
14600,SUBMISSION,,KELP,SEASHELLS,2033,3
14600,SUBMISSION,,SQUID_INK,SEASHELLS,1849,3
14600,,,KELP,SEASHELLS,2033,1
14600,,,SQUID_INK,SEASHELLS,1849,1
14800,SUBMISSION,,RAINFOREST_RESIN,SEASHELLS,9998,1
14800,SUBMISSION,,SQUID_INK,SEASHELLS,1851,3
14900,,SUBMISSION,KELP,SEASHELLS,2034,4
14900,,SUBMISSION,SQUID_INK,SEASHELLS,1853,4
15000,,,KELP,SEASHELLS,2032,1
15000,,,SQUID_INK,SEASHELLS,1849,1
15100,SUBMISSION,,RAINFOREST_RESIN,SEASHELLS,9998,1
15200,,SUBMISSION,RAINFOREST_RESIN,SEASHELLS,10000,4
15200,SUBMISSION,,SQUID_INK,SEASHELLS,1851,21
15200,SUBMISSION,,SQUID_INK,SEASHELLS,1851,2
15400,SUBMISSION,,SQUID_INK,SEASHELLS,1850,22
15500,SUBMISSION,,RAINFOREST_RESIN,SEASHELLS,9998,11
15800,,SUBMISSION,SQUID_INK,SEASHELLS,1851,4
15800,,SUBMISSION,SQUID_INK,SEASHELLS,1851,26
15800,,SUBMISSION,SQUID_INK,SEASHELLS,1851,2
15800,,,KELP,SEASHELLS,2036,2
15800,,,RAINFOREST_RESIN,SEASHELLS,10004,2
15800,,,SQUID_INK,SEASHELLS,1854,2
15900,SUBMISSION,,KELP,SEASHELLS,2033,3
15900,,SUBMISSION,SQUID_INK,SEASHELLS,1853,20
15900,,SUBMISSION,SQUID_INK,SEASHELLS,1853,1
16000,,SUBMISSION,SQUID_INK,SEASHELLS,1856,20
16000,,SUBMISSION,SQUID_INK,SEASHELLS,1856,2
16100,SUBMISSION,,KELP,SEASHELLS,2033,1
16100,,SUBMISSION,SQUID_INK,SEASHELLS,1856,25
16100,,,KELP,SEASHELLS,2033,1
16100,,,SQUID_INK,SEASHELLS,1857,2
16200,,,KELP,SEASHELLS,2032,1
16200,,,RAINFOREST_RESIN,SEASHELLS,10002,3
16200,,,SQUID_INK,SEASHELLS,1853,1
16300,,,RAINFOREST_RESIN,SEASHELLS,9996,1
16300,,,RAINFOREST_RESIN,SEASHELLS,9996,1
16400,SUBMISSION,,SQUID_INK,SEASHELLS,1850,7
16500,SUBMISSION,,SQUID_INK,SEASHELLS,1849,1
16600,SUBMISSION,,SQUID_INK,SEASHELLS,1850,26
16700,,SUBMISSION,RAINFOREST_RESIN,SEASHELLS,10002,1
16700,SUBMISSION,,SQUID_INK,SEASHELLS,1845,25
16800,,SUBMISSION,KELP,SEASHELLS,2034,2
16800,SUBMISSION,,SQUID_INK,SEASHELLS,1840,25
16800,SUBMISSION,,SQUID_INK,SEASHELLS,1840,2
16900,SUBMISSION,,SQUID_INK,SEASHELLS,1845,14
17100,,SUBMISSION,SQUID_INK,SEASHELLS,1849,26
17100,,SUBMISSION,SQUID_INK,SEASHELLS,1849,1
17200,,SUBMISSION,SQUID_INK,SEASHELLS,1848,5
17200,,SUBMISSION,SQUID_INK,SEASHELLS,1848,27
17200,,SUBMISSION,SQUID_INK,SEASHELLS,1848,1
17300,,SUBMISSION,SQUID_INK,SEASHELLS,1848,27
17300,,SUBMISSION,SQUID_INK,SEASHELLS,1848,1
17400,SUBMISSION,,RAINFOREST_RESIN,SEASHELLS,9998,11
17400,,SUBMISSION,SQUID_INK,SEASHELLS,1849,3
17400,,,KELP,SEASHELLS,2036,2
17400,,,RAINFOREST_RESIN,SEASHELLS,10005,2
17400,,,SQUID_INK,SEASHELLS,1851,2
17500,,SUBMISSION,SQUID_INK,SEASHELLS,1848,9
17500,,,KELP,SEASHELLS,2036,12
17500,,,SQUID_INK,SEASHELLS,1851,12
17800,SUBMISSION,,RAINFOREST_RESIN,SEASHELLS,9998,3
17900,,SUBMISSION,KELP,SEASHELLS,2035,1
17900,SUBMISSION,,RAINFOREST_RESIN,SEASHELLS,9998,1
17900,,,RAINFOREST_RESIN,SEASHELLS,9998,1
17900,,,RAINFOREST_RESIN,SEASHELLS,9998,2
17900,,,SQUID_INK,SEASHELLS,1849,1
18100,SUBMISSION,,SQUID_INK,SEASHELLS,1845,28
18100,SUBMISSION,,SQUID_INK,SEASHELLS,1845,2
18100,,,KELP,SEASHELLS,2033,8
18100,,,SQUID_INK,SEASHELLS,1842,8
18200,SUBMISSION,,SQUID_INK,SEASHELLS,1843,23
18200,SUBMISSION,,SQUID_INK,SEASHELLS,1843,2
18200,,,KELP,SEASHELLS,2033,1
18200,,,RAINFOREST_RESIN,SEASHELLS,10002,9
18200,,,RAINFOREST_RESIN,SEASHELLS,9996,1
18200,,,SQUID_INK,SEASHELLS,1840,1
18300,SUBMISSION,,SQUID_INK,SEASHELLS,1842,20
18400,,SUBMISSION,KELP,SEASHELLS,2035,1
18400,SUBMISSION,,SQUID_INK,SEASHELLS,1842,21
18400,SUBMISSION,,SQUID_INK,SEASHELLS,1842,1
18500,SUBMISSION,,SQUID_INK,SEASHELLS,1843,3
18500,,,KELP,SEASHELLS,2033,1
18500,,,KELP,SEASHELLS,2033,1
18500,,,SQUID_INK,SEASHELLS,1840,1
18500,,,SQUID_INK,SEASHELLS,1840,1
18600,,,KELP,SEASHELLS,2033,9
18600,,,SQUID_INK,SEASHELLS,1837,1
18700,,SUBMISSION,RAINFOREST_RESIN,SEASHELLS,10002,1
18900,,SUBMISSION,RAINFOREST_RESIN,SEASHELLS,10002,1
19300,SUBMISSION,,RAINFOREST_RESIN,SEASHELLS,9998,6
19300,,,RAINFOREST_RESIN,SEASHELLS,9998,2
19500,,,KELP,SEASHELLS,2033,14
19500,,,SQUID_INK,SEASHELLS,1828,14
19600,,SUBMISSION,RAINFOREST_RESIN,SEASHELLS,10002,1
19600,,,KELP,SEASHELLS,2036,11
19600,,,SQUID_INK,SEASHELLS,1831,11
19900,SUBMISSION,,RAINFOREST_RESIN,SEASHELLS,9998,1
19900,,,RAINFOREST_RESIN,SEASHELLS,9996,1
20000,SUBMISSION,,RAINFOREST_RESIN,SEASHELLS,9998,1
20000,,SUBMISSION,SQUID_INK,SEASHELLS,1831,26
20100,SUBMISSION,,RAINFOREST_RESIN,SEASHELLS,9998,4
20100,,SUBMISSION,SQUID_INK,SEASHELLS,1832,29
20100,,SUBMISSION,SQUID_INK,SEASHELLS,1832,1
20200,,SUBMISSION,RAINFOREST_RESIN,SEASHELLS,10002,1
20200,,SUBMISSION,SQUID_INK,SEASHELLS,1833,20
20300,,SUBMISSION,RAINFOREST_RESIN,SEASHELLS,10002,4
20300,,SUBMISSION,SQUID_INK,SEASHELLS,1833,24
20400,,SUBMISSION,RAINFOREST_RESIN,SEASHELLS,10002,2
20400,,,KELP,SEASHELLS,2033,3
20500,,,KELP,SEASHELLS,2034,2
20500,,,KELP,SEASHELLS,2033,8
20500,,,SQUID_INK,SEASHELLS,1834,2
20500,,,SQUID_INK,SEASHELLS,1833,8
20600,SUBMISSION,,RAINFOREST_RESIN,SEASHELLS,9998,4
20600,,,KELP,SEASHELLS,2036,2
20600,,,RAINFOREST_RESIN,SEASHELLS,10002,2
20600,,,SQUID_INK,SEASHELLS,1836,2
20700,,,KELP,SEASHELLS,2034,2
20700,,,SQUID_INK,SEASHELLS,1837,2
20900,,,KELP,SEASHELLS,2033,1
20900,,,SQUID_INK,SEASHELLS,1838,1
21100,SUBMISSION,,KELP,SEASHELLS,2034,2
21100,SUBMISSION,,RAINFOREST_RESIN,SEASHELLS,10000,2
21100,,,SQUID_INK,SEASHELLS,1836,2
21200,,SUBMISSION,KELP,SEASHELLS,2035,1
21200,SUBMISSION,,RAINFOREST_RESIN,SEASHELLS,9998,1
21200,,,SQUID_INK,SEASHELLS,1836,1
21300,SUBMISSION,,SQUID_INK,SEASHELLS,1835,2
21500,SUBMISSION,,KELP,SEASHELLS,2033,5
21500,,SUBMISSION,SQUID_INK,SEASHELLS,1838,2
21500,,,KELP,SEASHELLS,2033,2
21500,,,SQUID_INK,SEASHELLS,1839,2
22100,SUBMISSION,,KELP,SEASHELLS,2034,4
22100,,,KELP,SEASHELLS,2035,1
22100,,,SQUID_INK,SEASHELLS,1851,1
22200,,SUBMISSION,RAINFOREST_RESIN,SEASHELLS,10002,1
22400,,,RAINFOREST_RESIN,SEASHELLS,10002,1
22500,,SUBMISSION,KELP,SEASHELLS,2035,1
22600,,SUBMISSION,KELP,SEASHELLS,2035,1
22800,,SUBMISSION,RAINFOREST_RESIN,SEASHELLS,10002,1
22800,,,KELP,SEASHELLS,2033,2
22800,,,RAINFOREST_RESIN,SEASHELLS,9996,1
22800,,,RAINFOREST_RESIN,SEASHELLS,9996,1
22800,,,SQUID_INK,SEASHELLS,1847,2
22900,,SUBMISSION,RAINFOREST_RESIN,SEASHELLS,10002,1
22900,,SUBMISSION,RAINFOREST_RESIN,SEASHELLS,10002,1
22900,SUBMISSION,,SQUID_INK,SEASHELLS,1846,1
22900,,,KELP,SEASHELLS,2033,1
23000,,SUBMISSION,KELP,SEASHELLS,2035,1
23000,SUBMISSION,,SQUID_INK,SEASHELLS,1848,20
23000,SUBMISSION,,SQUID_INK,SEASHELLS,1848,1
23000,,,RAINFOREST_RESIN,SEASHELLS,10002,1
23000,,,SQUID_INK,SEASHELLS,1847,1
23100,SUBMISSION,,SQUID_INK,SEASHELLS,1846,2
23200,SUBMISSION,,SQUID_INK,SEASHELLS,1845,24
23200,SUBMISSION,,SQUID_INK,SEASHELLS,1845,1
23200,,,KELP,SEASHELLS,2033,1
23200,,,SQUID_INK,SEASHELLS,1842,1
23300,SUBMISSION,,SQUID_INK,SEASHELLS,1844,21
23300,SUBMISSION,,SQUID_INK,SEASHELLS,1844,2
23400,SUBMISSION,,SQUID_INK,SEASHELLS,1843,1
23400,,,KELP,SEASHELLS,2033,15
23400,,,SQUID_INK,SEASHELLS,1840,15
23500,SUBMISSION,,SQUID_INK,SEASHELLS,1844,27
23600,,,KELP,SEASHELLS,2033,1
23600,,,SQUID_INK,SEASHELLS,1843,1
23700,,SUBMISSION,KELP,SEASHELLS,2035,1
23700,,SUBMISSION,SQUID_INK,SEASHELLS,1846,1
24000,,SUBMISSION,SQUID_INK,SEASHELLS,1845,6
24000,,SUBMISSION,SQUID_INK,SEASHELLS,1845,29
24200,,SUBMISSION,SQUID_INK,SEASHELLS,1849,1
24300,,SUBMISSION,RAINFOREST_RESIN,SEASHELLS,10002,1
24300,,SUBMISSION,SQUID_INK,SEASHELLS,1846,26
24300,,,KELP,SEASHELLS,2033,1
24300,,,SQUID_INK,SEASHELLS,1846,1
24500,,,KELP,SEASHELLS,2033,9
24500,,,SQUID_INK,SEASHELLS,1844,9
24700,,SUBMISSION,SQUID_INK,SEASHELLS,1848,20
24700,,SUBMISSION,SQUID_INK,SEASHELLS,1848,2
24800,,SUBMISSION,SQUID_INK,SEASHELLS,1849,15
25000,,SUBMISSION,RAINFOREST_RESIN,SEASHELLS,10002,1
25100,,,RAINFOREST_RESIN,SEASHELLS,9998,1
25200,SUBMISSION,,KELP,SEASHELLS,2034,4
25200,SUBMISSION,,RAINFOREST_RESIN,SEASHELLS,10000,4
25400,,SUBMISSION,RAINFOREST_RESIN,SEASHELLS,10002,3
25700,SUBMISSION,,SQUID_INK,SEASHELLS,1852,24
25700,SUBMISSION,,SQUID_INK,SEASHELLS,1852,1
25800,,SUBMISSION,RAINFOREST_RESIN,SEASHELLS,10002,1
25800,SUBMISSION,,SQUID_INK,SEASHELLS,1852,27
25800,SUBMISSION,,SQUID_INK,SEASHELLS,1852,2
25900,SUBMISSION,,SQUID_INK,SEASHELLS,1852,27
25900,SUBMISSION,,SQUID_INK,SEASHELLS,1852,2
25900,,,KELP,SEASHELLS,2036,2
25900,,,RAINFOREST_RESIN,SEASHELLS,10004,2
26000,,SUBMISSION,KELP,SEASHELLS,2035,1
26000,SUBMISSION,,SQUID_INK,SEASHELLS,1852,17
26000,,,KELP,SEASHELLS,2033,13
26000,,,SQUID_INK,SEASHELLS,1851,1
26100,,SUBMISSION,KELP,SEASHELLS,2035,1
26100,,SUBMISSION,RAINFOREST_RESIN,SEASHELLS,10002,1
26200,,SUBMISSION,RAINFOREST_RESIN,SEASHELLS,10002,1
26300,,,KELP,SEASHELLS,2033,1
26300,,,RAINFOREST_RESIN,SEASHELLS,10002,4
26300,,,SQUID_INK,SEASHELLS,1848,1
26600,SUBMISSION,,RAINFOREST_RESIN,SEASHELLS,9998,4
26700,,SUBMISSION,KELP,SEASHELLS,2035,1
26700,,,SQUID_INK,SEASHELLS,1846,1
26800,,SUBMISSION,RAINFOREST_RESIN,SEASHELLS,10002,1
27000,,SUBMISSION,SQUID_INK,SEASHELLS,1849,26
27000,,SUBMISSION,SQUID_INK,SEASHELLS,1849,1
27100,,SUBMISSION,KELP,SEASHELLS,2035,1
27100,SUBMISSION,,RAINFOREST_RESIN,SEASHELLS,9998,1
27100,,SUBMISSION,SQUID_INK,SEASHELLS,1851,1
27200,,SUBMISSION,KELP,SEASHELLS,2035,1
27200,,SUBMISSION,SQUID_INK,SEASHELLS,1853,1
27300,,SUBMISSION,SQUID_INK,SEASHELLS,1850,24
27300,,,KELP,SEASHELLS,2033,1
27300,,,SQUID_INK,SEASHELLS,1850,1
27400,SUBMISSION,,RAINFOREST_RESIN,SEASHELLS,9998,3
27400,,,RAINFOREST_RESIN,SEASHELLS,9998,6
27600,,SUBMISSION,KELP,SEASHELLS,2035,1
27600,,SUBMISSION,SQUID_INK,SEASHELLS,1851,1
27800,,,RAINFOREST_RESIN,SEASHELLS,9998,3
27900,SUBMISSION,,SQUID_INK,SEASHELLS,1850,8
28100,,,RAINFOREST_RESIN,SEASHELLS,10004,1
28100,,,RAINFOREST_RESIN,SEASHELLS,10004,2
28500,SUBMISSION,,SQUID_INK,SEASHELLS,1850,28
28500,SUBMISSION,,SQUID_INK,SEASHELLS,1850,2
28500,,,KELP,SEASHELLS,2033,1
28500,,,SQUID_INK,SEASHELLS,1847,1
28600,SUBMISSION,,KELP,SEASHELLS,2034,5
28600,SUBMISSION,,SQUID_INK,SEASHELLS,1849,5
28600,,,KELP,SEASHELLS,2033,1
28600,,,SQUID_INK,SEASHELLS,1848,1
28700,,,KELP,SEASHELLS,2033,1
28700,,,SQUID_INK,SEASHELLS,1848,1
28900,,SUBMISSION,SQUID_INK,SEASHELLS,1850,1
28900,,SUBMISSION,SQUID_INK,SEASHELLS,1850,22
28900,,SUBMISSION,SQUID_INK,SEASHELLS,1850,1
29000,,SUBMISSION,RAINFOREST_RESIN,SEASHELLS,10002,1
29000,,SUBMISSION,SQUID_INK,SEASHELLS,1851,2
29300,,,KELP,SEASHELLS,2035,1
29300,,,SQUID_INK,SEASHELLS,1851,1
29400,,SUBMISSION,SQUID_INK,SEASHELLS,1851,23
29400,,SUBMISSION,SQUID_INK,SEASHELLS,1851,2
29400,,,RAINFOREST_RESIN,SEASHELLS,10002,1
29500,,,KELP,SEASHELLS,2033,1
29500,,,SQUID_INK,SEASHELLS,1850,1
29600,SUBMISSION,,KELP,SEASHELLS,2034,4
29600,,SUBMISSION,SQUID_INK,SEASHELLS,1853,26
29600,,SUBMISSION,SQUID_INK,SEASHELLS,1853,1
29800,,SUBMISSION,KELP,SEASHELLS,2035,1
29800,,SUBMISSION,SQUID_INK,SEASHELLS,1855,1
29800,,,RAINFOREST_RESIN,SEASHELLS,10005,5
29900,,SUBMISSION,SQUID_INK,SEASHELLS,1854,10
29900,,,KELP,SEASHELLS,2036,15
29900,,,SQUID_INK,SEASHELLS,1857,15
30200,SUBMISSION,,RAINFOREST_RESIN,SEASHELLS,9998,1
30300,,SUBMISSION,RAINFOREST_RESIN,SEASHELLS,10002,3
30300,,SUBMISSION,RAINFOREST_RESIN,SEASHELLS,10002,1
30300,SUBMISSION,,SQUID_INK,SEASHELLS,1853,1
30400,,SUBMISSION,KELP,SEASHELLS,2035,2
30400,SUBMISSION,,SQUID_INK,SEASHELLS,1853,30
30400,,,KELP,SEASHELLS,2035,3
30400,,,SQUID_INK,SEASHELLS,1852,3
30600,,SUBMISSION,RAINFOREST_RESIN,SEASHELLS,10002,1
30600,SUBMISSION,,SQUID_INK,SEASHELLS,1852,7
30600,,,RAINFOREST_RESIN,SEASHELLS,9996,2
30800,SUBMISSION,,SQUID_INK,SEASHELLS,1852,29
30800,SUBMISSION,,SQUID_INK,SEASHELLS,1852,2
30900,SUBMISSION,,SQUID_INK,SEASHELLS,1852,7
31000,,SUBMISSION,KELP,SEASHELLS,2035,5
31000,,SUBMISSION,KELP,SEASHELLS,2035,1
31000,SUBMISSION,,SQUID_INK,SEASHELLS,1852,2
31000,,,KELP,SEASHELLS,2036,1
31000,,,RAINFOREST_RESIN,SEASHELLS,10002,1
31000,,,RAINFOREST_RESIN,SEASHELLS,10002,1
31000,,,SQUID_INK,SEASHELLS,1853,1
31100,SUBMISSION,,KELP,SEASHELLS,2034,9
31100,,SUBMISSION,RAINFOREST_RESIN,SEASHELLS,10002,1
31100,,,KELP,SEASHELLS,2035,1
31100,,,SQUID_INK,SEASHELLS,1852,1
31100,,,SQUID_INK,SEASHELLS,1850,9
31200,,,KELP,SEASHELLS,2034,1
31200,,,RAINFOREST_RESIN,SEASHELLS,10002,1
31200,,,RAINFOREST_RESIN,SEASHELLS,10002,6
31200,,,SQUID_INK,SEASHELLS,1850,1
31400,,,RAINFOREST_RESIN,SEASHELLS,10002,3
31500,,SUBMISSION,SQUID_INK,SEASHELLS,1852,21
31500,,SUBMISSION,SQUID_INK,SEASHELLS,1852,1
31600,SUBMISSION,,RAINFOREST_RESIN,SEASHELLS,9998,3
31600,,,RAINFOREST_RESIN,SEASHELLS,9998,1
31700,,,RAINFOREST_RESIN,SEASHELLS,10002,1
31700,,,RAINFOREST_RESIN,SEASHELLS,9995,3
31800,,SUBMISSION,KELP,SEASHELLS,2035,2
31800,SUBMISSION,,SQUID_INK,SEASHELLS,1852,22
31800,SUBMISSION,,SQUID_INK,SEASHELLS,1852,2
31900,SUBMISSION,,SQUID_INK,SEASHELLS,1851,20
32100,,,KELP,SEASHELLS,2033,2
32100,,,RAINFOREST_RESIN,SEASHELLS,9998,2
32100,,,SQUID_INK,SEASHELLS,1848,2
32300,,SUBMISSION,RAINFOREST_RESIN,SEASHELLS,10000,3
32500,,SUBMISSION,RAINFOREST_RESIN,SEASHELLS,10002,1
32500,,,KELP,SEASHELLS,2037,9
32500,,,SQUID_INK,SEASHELLS,1848,2
32500,,,SQUID_INK,SEASHELLS,1848,7
33200,SUBMISSION,,KELP,SEASHELLS,2035,5
33200,,,KELP,SEASHELLS,2036,1
33200,,,SQUID_INK,SEASHELLS,1837,1
33500,,SUBMISSION,SQUID_INK,SEASHELLS,1840,21
33500,,SUBMISSION,SQUID_INK,SEASHELLS,1840,2
33600,SUBMISSION,,RAINFOREST_RESIN,SEASHELLS,9998,2
33600,,SUBMISSION,SQUID_INK,SEASHELLS,1843,27
33700,,SUBMISSION,SQUID_INK,SEASHELLS,1842,25
33700,,SUBMISSION,SQUID_INK,SEASHELLS,1842,1
33800,,SUBMISSION,SQUID_INK,SEASHELLS,1845,21
33900,,SUBMISSION,SQUID_INK,SEASHELLS,1845,3
33900,,,RAINFOREST_RESIN,SEASHELLS,10004,1
33900,,,RAINFOREST_RESIN,SEASHELLS,10004,11
34000,,SUBMISSION,KELP,SEASHELLS,2036,1
34000,,,SQUID_INK,SEASHELLS,1848,1
34200,,,RAINFOREST_RESIN,SEASHELLS,10002,1
34300,,,KELP,SEASHELLS,2034,1
34300,,,SQUID_INK,SEASHELLS,1846,1
34600,,,KELP,SEASHELLS,2037,14
34600,,,SQUID_INK,SEASHELLS,1849,14
34800,,,KELP,SEASHELLS,2034,10
34800,,,SQUID_INK,SEASHELLS,1846,10
35000,SUBMISSION,,SQUID_INK,SEASHELLS,1847,29
35200,SUBMISSION,,SQUID_INK,SEASHELLS,1846,3
35400,,SUBMISSION,RAINFOREST_RESIN,SEASHELLS,10002,1
35400,,,RAINFOREST_RESIN,SEASHELLS,9996,2
35700,SUBMISSION,,SQUID_INK,SEASHELLS,1845,29
35700,SUBMISSION,,SQUID_INK,SEASHELLS,1845,2
35700,,,KELP,SEASHELLS,2037,11
35900,SUBMISSION,,SQUID_INK,SEASHELLS,1842,2
36000,SUBMISSION,,KELP,SEASHELLS,2035,2
36000,SUBMISSION,,SQUID_INK,SEASHELLS,1842,2
36100,SUBMISSION,,SQUID_INK,SEASHELLS,1843,6
36500,,,KELP,SEASHELLS,2034,1
36500,,,SQUID_INK,SEASHELLS,1843,1
36600,SUBMISSION,,KELP,SEASHELLS,2035,2
36600,SUBMISSION,,SQUID_INK,SEASHELLS,1842,2
36700,,SUBMISSION,RAINFOREST_RESIN,SEASHELLS,10002,1
36700,,,RAINFOREST_RESIN,SEASHELLS,10002,1
36800,,SUBMISSION,SQUID_INK,SEASHELLS,1844,2
36900,,SUBMISSION,SQUID_INK,SEASHELLS,1845,22
37100,,SUBMISSION,SQUID_INK,SEASHELLS,1845,5
37100,,,KELP,SEASHELLS,2037,9
37100,,,SQUID_INK,SEASHELLS,1847,9
37300,SUBMISSION,,SQUID_INK,SEASHELLS,1842,4
37300,,,RAINFOREST_RESIN,SEASHELLS,9996,1
37600,,SUBMISSION,SQUID_INK,SEASHELLS,1845,24
37600,,SUBMISSION,SQUID_INK,SEASHELLS,1845,1
37600,,,KELP,SEASHELLS,2036,1
37600,,,KELP,SEASHELLS,2034,9
37600,,,RAINFOREST_RESIN,SEASHELLS,10004,1
37600,,,RAINFOREST_RESIN,SEASHELLS,10004,9
37600,,,SQUID_INK,SEASHELLS,1847,1
37700,,SUBMISSION,RAINFOREST_RESIN,SEASHELLS,10002,1
37800,,SUBMISSION,SQUID_INK,SEASHELLS,1848,23
37800,,SUBMISSION,SQUID_INK,SEASHELLS,1848,2
37800,,,KELP,SEASHELLS,2037,2
37800,,,RAINFOREST_RESIN,SEASHELLS,10004,2
37800,,,SQUID_INK,SEASHELLS,1851,2
38400,,,KELP,SEASHELLS,2034,4
38400,,,SQUID_INK,SEASHELLS,1850,2
38400,,,SQUID_INK,SEASHELLS,1850,2
38600,,SUBMISSION,RAINFOREST_RESIN,SEASHELLS,10002,1
38700,,,KELP,SEASHELLS,2034,1
38700,,,RAINFOREST_RESIN,SEASHELLS,10004,2
38700,,,SQUID_INK,SEASHELLS,1850,1
39000,SUBMISSION,,KELP,SEASHELLS,2035,3
39000,SUBMISSION,,RAINFOREST_RESIN,SEASHELLS,10000,3
39100,SUBMISSION,,RAINFOREST_RESIN,SEASHELLS,9998,3
39100,,,KELP,SEASHELLS,2037,1
39100,,,RAINFOREST_RESIN,SEASHELLS,10004,1
39100,,,SQUID_INK,SEASHELLS,1853,1
39200,SUBMISSION,,KELP,SEASHELLS,2035,4
39200,SUBMISSION,,SQUID_INK,SEASHELLS,1850,4
39200,,,KELP,SEASHELLS,2034,2
39200,,,RAINFOREST_RESIN,SEASHELLS,9995,2
39200,,,SQUID_INK,SEASHELLS,1849,2
39400,SUBMISSION,,SQUID_INK,SEASHELLS,1851,21
39500,SUBMISSION,,SQUID_INK,SEASHELLS,1849,3
39700,SUBMISSION,,KELP,SEASHELLS,2035,6
39700,SUBMISSION,,SQUID_INK,SEASHELLS,1850,6
39700,,,KELP,SEASHELLS,2034,1
39700,,,SQUID_INK,SEASHELLS,1849,1
39800,SUBMISSION,,RAINFOREST_RESIN,SEASHELLS,9998,1
40000,,SUBMISSION,RAINFOREST_RESIN,SEASHELLS,10002,11
40000,,,KELP,SEASHELLS,2034,14
40000,,,SQUID_INK,SEASHELLS,1849,14
40100,,SUBMISSION,SQUID_INK,SEASHELLS,1851,30
40200,,SUBMISSION,SQUID_INK,SEASHELLS,1851,4
40200,,,KELP,SEASHELLS,2037,6
40200,,,SQUID_INK,SEASHELLS,1854,6
40300,,SUBMISSION,RAINFOREST_RESIN,SEASHELLS,10002,4
40500,,,KELP,SEASHELLS,2037,13
40500,,,SQUID_INK,SEASHELLS,1854,13
40600,,SUBMISSION,RAINFOREST_RESIN,SEASHELLS,10002,1
40700,,SUBMISSION,KELP,SEASHELLS,2036,1
41000,SUBMISSION,,KELP,SEASHELLS,2035,2
41000,SUBMISSION,,RAINFOREST_RESIN,SEASHELLS,10000,2
41400,,,KELP,SEASHELLS,2034,5
41400,,,SQUID_INK,SEASHELLS,1855,5
41700,,SUBMISSION,KELP,SEASHELLS,2036,2
41800,,,KELP,SEASHELLS,2034,1
41800,,,SQUID_INK,SEASHELLS,1857,1
42000,SUBMISSION,,RAINFOREST_RESIN,SEASHELLS,9998,1
42100,,SUBMISSION,RAINFOREST_RESIN,SEASHELLS,10002,1
42100,,SUBMISSION,RAINFOREST_RESIN,SEASHELLS,10002,1
42400,,,KELP,SEASHELLS,2034,1
42400,,,RAINFOREST_RESIN,SEASHELLS,9996,1
42400,,,SQUID_INK,SEASHELLS,1859,1
42500,,,SQUID_INK,SEASHELLS,1861,2
42800,SUBMISSION,,KELP,SEASHELLS,2035,2
42800,SUBMISSION,,SQUID_INK,SEASHELLS,1859,2
42900,,SUBMISSION,RAINFOREST_RESIN,SEASHELLS,10002,5
43000,,SUBMISSION,SQUID_INK,SEASHELLS,1864,2
43200,,,RAINFOREST_RESIN,SEASHELLS,9996,2
43300,,SUBMISSION,KELP,SEASHELLS,2036,1
43600,SUBMISSION,,SQUID_INK,SEASHELLS,1855,1
43600,,,RAINFOREST_RESIN,SEASHELLS,10002,2
43700,SUBMISSION,,SQUID_INK,SEASHELLS,1856,29
43700,SUBMISSION,,SQUID_INK,SEASHELLS,1856,1
43800,SUBMISSION,,SQUID_INK,SEASHELLS,1856,22
43800,SUBMISSION,,SQUID_INK,SEASHELLS,1856,1
43800,,,KELP,SEASHELLS,2037,1
43800,,,KELP,SEASHELLS,2037,4
43900,SUBMISSION,,SQUID_INK,SEASHELLS,1855,24
43900,SUBMISSION,,SQUID_INK,SEASHELLS,1855,2
43900,,,KELP,SEASHELLS,2034,1
43900,,,KELP,SEASHELLS,2037,2
43900,,,RAINFOREST_RESIN,SEASHELLS,10002,1
43900,,,RAINFOREST_RESIN,SEASHELLS,10002,4
43900,,,RAINFOREST_RESIN,SEASHELLS,10002,2
43900,,,SQUID_INK,SEASHELLS,1852,1
44000,,SUBMISSION,RAINFOREST_RESIN,SEASHELLS,10002,4
44000,SUBMISSION,,SQUID_INK,SEASHELLS,1855,20
44300,SUBMISSION,,RAINFOREST_RESIN,SEASHELLS,9998,2
44700,,,KELP,SEASHELLS,2036,1
44700,,,SQUID_INK,SEASHELLS,1851,1
45000,,,KELP,SEASHELLS,2034,1
45000,,,SQUID_INK,SEASHELLS,1847,1
45100,SUBMISSION,,RAINFOREST_RESIN,SEASHELLS,9998,1
45200,,SUBMISSION,RAINFOREST_RESIN,SEASHELLS,10002,1
45200,,,KELP,SEASHELLS,2034,1
45200,,,SQUID_INK,SEASHELLS,1848,1
45300,,,KELP,SEASHELLS,2034,1
45300,,,SQUID_INK,SEASHELLS,1848,1
45500,SUBMISSION,,KELP,SEASHELLS,2034,2
45500,SUBMISSION,,RAINFOREST_RESIN,SEASHELLS,9998,3
45500,,,KELP,SEASHELLS,2034,1
45500,,,SQUID_INK,SEASHELLS,1847,3
45600,SUBMISSION,,KELP,SEASHELLS,2035,2
45700,,SUBMISSION,RAINFOREST_RESIN,SEASHELLS,10002,1
45900,,,KELP,SEASHELLS,2033,1
45900,,,SQUID_INK,SEASHELLS,1848,1
46000,SUBMISSION,,RAINFOREST_RESIN,SEASHELLS,9998,1
46000,,,RAINFOREST_RESIN,SEASHELLS,10005,11
46100,,SUBMISSION,SQUID_INK,SEASHELLS,1849,4
46100,,SUBMISSION,SQUID_INK,SEASHELLS,1849,25
46200,,SUBMISSION,SQUID_INK,SEASHELLS,1849,4
46200,,SUBMISSION,SQUID_INK,SEASHELLS,1849,24
46400,,,KELP,SEASHELLS,2035,1
46500,SUBMISSION,,RAINFOREST_RESIN,SEASHELLS,9998,1
46500,SUBMISSION,,SQUID_INK,SEASHELLS,1848,29
46500,SUBMISSION,,SQUID_INK,SEASHELLS,1848,1
46500,,,KELP,SEASHELLS,2035,2
46500,,,SQUID_INK,SEASHELLS,1847,2
46600,,,KELP,SEASHELLS,2035,1
46700,SUBMISSION,,SQUID_INK,SEASHELLS,1847,27
46900,,,KELP,SEASHELLS,2033,10
46900,,,SQUID_INK,SEASHELLS,1847,10
47100,SUBMISSION,,RAINFOREST_RESIN,SEASHELLS,9998,1
47200,,SUBMISSION,SQUID_INK,SEASHELLS,1848,1
47200,,,KELP,SEASHELLS,2035,1
47400,,,KELP,SEASHELLS,2035,2
47400,,,RAINFOREST_RESIN,SEASHELLS,9998,1
47400,,,SQUID_INK,SEASHELLS,1847,2
47500,SUBMISSION,,RAINFOREST_RESIN,SEASHELLS,9998,1
47700,,,KELP,SEASHELLS,2033,10
47700,,,SQUID_INK,SEASHELLS,1845,10
48000,,SUBMISSION,RAINFOREST_RESIN,SEASHELLS,10002,2
48000,,,RAINFOREST_RESIN,SEASHELLS,10002,1
48100,SUBMISSION,,SQUID_INK,SEASHELLS,1845,1
48200,,,KELP,SEASHELLS,2033,1
48200,,,SQUID_INK,SEASHELLS,1842,1
48300,,,KELP,SEASHELLS,2034,1
48300,,,KELP,SEASHELLS,2034,4
48300,,,SQUID_INK,SEASHELLS,1839,1
48300,,,SQUID_INK,SEASHELLS,1839,4
48700,SUBMISSION,,RAINFOREST_RESIN,SEASHELLS,10000,2
48900,,,KELP,SEASHELLS,2033,1
49000,,,RAINFOREST_RESIN,SEASHELLS,10004,1
49000,,,RAINFOREST_RESIN,SEASHELLS,10004,1
49200,,SUBMISSION,RAINFOREST_RESIN,SEASHELLS,10002,3
49600,SUBMISSION,,RAINFOREST_RESIN,SEASHELLS,10000,3
49700,,SUBMISSION,KELP,SEASHELLS,2036,1
49800,,,KELP,SEASHELLS,2034,1
49800,,,KELP,SEASHELLS,2037,1
49800,,,RAINFOREST_RESIN,SEASHELLS,10002,1
49800,,,SQUID_INK,SEASHELLS,1832,1
49800,,,SQUID_INK,SEASHELLS,1835,1
50100,,SUBMISSION,RAINFOREST_RESIN,SEASHELLS,10002,4
50100,,,RAINFOREST_RESIN,SEASHELLS,9996,2
50400,,,KELP,SEASHELLS,2034,2
50400,,,KELP,SEASHELLS,2034,1
50400,,,SQUID_INK,SEASHELLS,1831,2
50400,,,SQUID_INK,SEASHELLS,1831,1
50600,SUBMISSION,,KELP,SEASHELLS,2035,1
50600,SUBMISSION,,RAINFOREST_RESIN,SEASHELLS,10000,5
50600,,,KELP,SEASHELLS,2036,1
50600,,,KELP,SEASHELLS,2035,3
50600,,,SQUID_INK,SEASHELLS,1833,1
50600,,,SQUID_INK,SEASHELLS,1832,4
50900,SUBMISSION,,RAINFOREST_RESIN,SEASHELLS,10000,5
50900,,,KELP,SEASHELLS,2034,1
50900,,,SQUID_INK,SEASHELLS,1831,1
51300,SUBMISSION,,RAINFOREST_RESIN,SEASHELLS,9998,5
51400,,,KELP,SEASHELLS,2036,5
51400,,,SQUID_INK,SEASHELLS,1831,5
51500,,,KELP,SEASHELLS,2037,4
51500,,,KELP,SEASHELLS,2034,2
51500,,,RAINFOREST_RESIN,SEASHELLS,9995,2
51500,,,SQUID_INK,SEASHELLS,1832,4
51500,,,SQUID_INK,SEASHELLS,1829,2
51600,,SUBMISSION,KELP,SEASHELLS,2036,3
51600,,,KELP,SEASHELLS,2036,1
51600,,,SQUID_INK,SEASHELLS,1829,1
52000,SUBMISSION,,KELP,SEASHELLS,2035,3
52000,,,RAINFOREST_RESIN,SEASHELLS,9998,1
52200,,,RAINFOREST_RESIN,SEASHELLS,10002,1
52200,,,SQUID_INK,SEASHELLS,1827,1
52400,,SUBMISSION,RAINFOREST_RESIN,SEASHELLS,10002,3
52400,,SUBMISSION,SQUID_INK,SEASHELLS,1834,1
52400,,SUBMISSION,SQUID_INK,SEASHELLS,1834,1
52400,,,RAINFOREST_RESIN,SEASHELLS,10002,4
52500,,SUBMISSION,SQUID_INK,SEASHELLS,1834,25
52500,,SUBMISSION,SQUID_INK,SEASHELLS,1834,2
52600,,SUBMISSION,SQUID_INK,SEASHELLS,1834,30
52600,,SUBMISSION,SQUID_INK,SEASHELLS,1834,1
52600,,,KELP,SEASHELLS,2034,2
52600,,,RAINFOREST_RESIN,SEASHELLS,10004,1
52600,,,SQUID_INK,SEASHELLS,1834,2
52700,,SUBMISSION,KELP,SEASHELLS,2036,1
52700,,SUBMISSION,SQUID_INK,SEASHELLS,1838,1
52800,,SUBMISSION,KELP,SEASHELLS,2036,1
52800,,SUBMISSION,SQUID_INK,SEASHELLS,1839,1
52900,,SUBMISSION,SQUID_INK,SEASHELLS,1839,26
52900,,SUBMISSION,SQUID_INK,SEASHELLS,1839,1
53000,,SUBMISSION,SQUID_INK,SEASHELLS,1840,1
53100,SUBMISSION,,RAINFOREST_RESIN,SEASHELLS,9998,5
53100,,SUBMISSION,SQUID_INK,SEASHELLS,1838,10
53200,,SUBMISSION,KELP,SEASHELLS,2036,1
53300,,,KELP,SEASHELLS,2034,8
53300,,,SQUID_INK,SEASHELLS,1840,8
53400,SUBMISSION,,RAINFOREST_RESIN,SEASHELLS,9998,1
53900,SUBMISSION,,KELP,SEASHELLS,2035,3
53900,SUBMISSION,,SQUID_INK,SEASHELLS,1839,4
54000,SUBMISSION,,SQUID_INK,SEASHELLS,1840,21
54000,SUBMISSION,,SQUID_INK,SEASHELLS,1840,1
54000,,,RAINFOREST_RESIN,SEASHELLS,10002,1
54100,,,KELP,SEASHELLS,2037,2
54100,,,RAINFOREST_RESIN,SEASHELLS,10004,1
54100,,,RAINFOREST_RESIN,SEASHELLS,10004,1
54100,,,SQUID_INK,SEASHELLS,1841,2
54200,,,KELP,SEASHELLS,2034,1
54200,,,SQUID_INK,SEASHELLS,1840,1
54300,,SUBMISSION,RAINFOREST_RESIN,SEASHELLS,10002,1
54300,SUBMISSION,,SQUID_INK,SEASHELLS,1839,26
54300,SUBMISSION,,SQUID_INK,SEASHELLS,1839,2
54300,,,KELP,SEASHELLS,2034,2
54300,,,RAINFOREST_RESIN,SEASHELLS,9996,2
54300,,,SQUID_INK,SEASHELLS,1836,2
54400,SUBMISSION,,SQUID_INK,SEASHELLS,1839,22
54500,SUBMISSION,,SQUID_INK,SEASHELLS,1838,24
54600,,SUBMISSION,RAINFOREST_RESIN,SEASHELLS,10002,2
54700,,SUBMISSION,SQUID_INK,SEASHELLS,1839,22
54700,,SUBMISSION,SQUID_INK,SEASHELLS,1839,1
54700,,,KELP,SEASHELLS,2037,2
54700,,,RAINFOREST_RESIN,SEASHELLS,10004,1
54700,,,RAINFOREST_RESIN,SEASHELLS,10005,2
54700,,,RAINFOREST_RESIN,SEASHELLS,10004,4
54700,,,SQUID_INK,SEASHELLS,1842,2
54800,,SUBMISSION,SQUID_INK,SEASHELLS,1840,7
54800,,SUBMISSION,SQUID_INK,SEASHELLS,1840,23
54800,,SUBMISSION,SQUID_INK,SEASHELLS,1840,2
54900,,,KELP,SEASHELLS,2036,1
54900,,,SQUID_INK,SEASHELLS,1841,1
55200,,,KELP,SEASHELLS,2034,1
55200,,,SQUID_INK,SEASHELLS,1838,1
55300,SUBMISSION,,SQUID_INK,SEASHELLS,1838,3
55300,,,KELP,SEASHELLS,2036,1
55300,,,RAINFOREST_RESIN,SEASHELLS,10002,5
55300,,,RAINFOREST_RESIN,SEASHELLS,10002,3
55300,,,SQUID_INK,SEASHELLS,1838,1
55400,SUBMISSION,,SQUID_INK,SEASHELLS,1839,27
55400,SUBMISSION,,SQUID_INK,SEASHELLS,1839,1
55400,,,RAINFOREST_RESIN,SEASHELLS,9998,6
55500,,SUBMISSION,SQUID_INK,SEASHELLS,1840,22
55500,,SUBMISSION,SQUID_INK,SEASHELLS,1840,2
55600,,SUBMISSION,SQUID_INK,SEASHELLS,1840,23
55900,,,RAINFOREST_RESIN,SEASHELLS,9998,4
56000,,SUBMISSION,RAINFOREST_RESIN,SEASHELLS,10000,2
56000,SUBMISSION,,SQUID_INK,SEASHELLS,1838,7
56100,SUBMISSION,,RAINFOREST_RESIN,SEASHELLS,9998,1
56200,SUBMISSION,,SQUID_INK,SEASHELLS,1835,4
56300,SUBMISSION,,SQUID_INK,SEASHELLS,1838,28
56400,SUBMISSION,,SQUID_INK,SEASHELLS,1838,27
56400,SUBMISSION,,SQUID_INK,SEASHELLS,1838,2
56500,,,RAINFOREST_RESIN,SEASHELLS,10002,6
56600,,SUBMISSION,SQUID_INK,SEASHELLS,1839,28
56600,,SUBMISSION,SQUID_INK,SEASHELLS,1839,2
56700,,SUBMISSION,SQUID_INK,SEASHELLS,1841,25
56700,,,KELP,SEASHELLS,2034,2
56700,,,RAINFOREST_RESIN,SEASHELLS,9998,1
56700,,,SQUID_INK,SEASHELLS,1841,2
56700,,,SQUID_INK,SEASHELLS,1841,2
56800,,SUBMISSION,SQUID_INK,SEASHELLS,1841,8
56800,,SUBMISSION,SQUID_INK,SEASHELLS,1841,23
56900,,SUBMISSION,SQUID_INK,SEASHELLS,1842,11
57100,,SUBMISSION,KELP,SEASHELLS,2036,1
57100,,,RAINFOREST_RESIN,SEASHELLS,9998,1
57300,SUBMISSION,,KELP,SEASHELLS,2035,1
57600,SUBMISSION,,SQUID_INK,SEASHELLS,1845,20
57600,SUBMISSION,,SQUID_INK,SEASHELLS,1845,2
57600,,,RAINFOREST_RESIN,SEASHELLS,9998,1
57700,SUBMISSION,,SQUID_INK,SEASHELLS,1842,21
57700,SUBMISSION,,SQUID_INK,SEASHELLS,1842,1
57800,SUBMISSION,,SQUID_INK,SEASHELLS,1843,26
57800,SUBMISSION,,SQUID_INK,SEASHELLS,1843,2
57900,SUBMISSION,,SQUID_INK,SEASHELLS,1843,26
57900,SUBMISSION,,SQUID_INK,SEASHELLS,1843,2
57900,,,SQUID_INK,SEASHELLS,1840,5
58000,,,KELP,SEASHELLS,2037,14
58000,,,SQUID_INK,SEASHELLS,1843,14
58100,,,RAINFOREST_RESIN,SEASHELLS,10005,7
58500,,SUBMISSION,SQUID_INK,SEASHELLS,1841,20
58500,,SUBMISSION,SQUID_INK,SEASHELLS,1841,2
58600,,,KELP,SEASHELLS,2033,1
58600,,,RAINFOREST_RESIN,SEASHELLS,9996,1
58600,,,SQUID_INK,SEASHELLS,1840,1
58700,SUBMISSION,,RAINFOREST_RESIN,SEASHELLS,9998,1
58700,SUBMISSION,,SQUID_INK,SEASHELLS,1839,4
58800,SUBMISSION,,SQUID_INK,SEASHELLS,1839,5
58800,,,KELP,SEASHELLS,2035,2
58800,,,RAINFOREST_RESIN,SEASHELLS,10004,1
58800,,,RAINFOREST_RESIN,SEASHELLS,10004,1
58800,,,SQUID_INK,SEASHELLS,1840,1
58800,,,SQUID_INK,SEASHELLS,1840,1
58900,,SUBMISSION,KELP,SEASHELLS,2036,1
58900,,SUBMISSION,SQUID_INK,SEASHELLS,1841,1
58900,,,KELP,SEASHELLS,2037,2
58900,,,RAINFOREST_RESIN,SEASHELLS,10004,2
58900,,,SQUID_INK,SEASHELLS,1842,2
59100,,SUBMISSION,SQUID_INK,SEASHELLS,1840,20
59100,,SUBMISSION,SQUID_INK,SEASHELLS,1840,1
59100,,,RAINFOREST_RESIN,SEASHELLS,9998,1
59200,,SUBMISSION,KELP,SEASHELLS,2036,10
59200,,SUBMISSION,RAINFOREST_RESIN,SEASHELLS,10002,1
59200,,SUBMISSION,SQUID_INK,SEASHELLS,1842,10
59300,,SUBMISSION,SQUID_INK,SEASHELLS,1841,22
59400,,SUBMISSION,RAINFOREST_RESIN,SEASHELLS,10002,1
59400,,SUBMISSION,SQUID_INK,SEASHELLS,1842,23
59400,,,RAINFOREST_RESIN,SEASHELLS,9995,12
59600,,SUBMISSION,RAINFOREST_RESIN,SEASHELLS,10002,1
59700,,SUBMISSION,KELP,SEASHELLS,2036,1
59700,,SUBMISSION,SQUID_INK,SEASHELLS,1844,1
59700,,,KELP,SEASHELLS,2034,6
59700,,,SQUID_INK,SEASHELLS,1842,6
59800,,SUBMISSION,SQUID_INK,SEASHELLS,1843,9
59900,,,KELP,SEASHELLS,2034,2
59900,,,RAINFOREST_RESIN,SEASHELLS,9996,2
59900,,,SQUID_INK,SEASHELLS,1845,2
60000,SUBMISSION,,RAINFOREST_RESIN,SEASHELLS,9998,3
60300,SUBMISSION,,SQUID_INK,SEASHELLS,1842,23
60300,SUBMISSION,,SQUID_INK,SEASHELLS,1842,1
60400,SUBMISSION,,RAINFOREST_RESIN,SEASHELLS,9998,1
60400,SUBMISSION,,SQUID_INK,SEASHELLS,1842,22
60400,SUBMISSION,,SQUID_INK,SEASHELLS,1842,2
60400,,,RAINFOREST_RESIN,SEASHELLS,9996,2
60400,,,RAINFOREST_RESIN,SEASHELLS,9996,5
60500,SUBMISSION,,KELP,SEASHELLS,2035,2
60500,SUBMISSION,,SQUID_INK,SEASHELLS,1843,2
60600,SUBMISSION,,SQUID_INK,SEASHELLS,1843,1
60600,,,KELP,SEASHELLS,2034,1
60600,,,RAINFOREST_RESIN,SEASHELLS,9996,1
60600,,,SQUID_INK,SEASHELLS,1840,1
60700,,SUBMISSION,KELP,SEASHELLS,2036,9
60700,SUBMISSION,,SQUID_INK,SEASHELLS,1843,24
60700,,,KELP,SEASHELLS,2034,1
60700,,,SQUID_INK,SEASHELLS,1840,1
60800,,SUBMISSION,KELP,SEASHELLS,2036,1
60800,,,SQUID_INK,SEASHELLS,1842,1
60900,,SUBMISSION,KELP,SEASHELLS,2036,1
60900,,SUBMISSION,SQUID_INK,SEASHELLS,1843,1
61000,SUBMISSION,,RAINFOREST_RESIN,SEASHELLS,9998,1
61200,,,KELP,SEASHELLS,2034,3
61200,,,KELP,SEASHELLS,2034,1
61200,,,SQUID_INK,SEASHELLS,1841,3
61200,,,SQUID_INK,SEASHELLS,1841,1
61500,,SUBMISSION,KELP,SEASHELLS,2036,1
61500,,SUBMISSION,SQUID_INK,SEASHELLS,1844,1
61600,,SUBMISSION,SQUID_INK,SEASHELLS,1844,27
61600,,SUBMISSION,SQUID_INK,SEASHELLS,1844,1
61800,,,KELP,SEASHELLS,2034,1
61800,,,SQUID_INK,SEASHELLS,1840,1
61900,,,KELP,SEASHELLS,2033,9
61900,,,SQUID_INK,SEASHELLS,1840,9
62200,SUBMISSION,,SQUID_INK,SEASHELLS,1842,1
62300,SUBMISSION,,SQUID_INK,SEASHELLS,1841,21
62400,SUBMISSION,,SQUID_INK,SEASHELLS,1841,24
62500,SUBMISSION,,SQUID_INK,SEASHELLS,1839,9
62700,,,KELP,SEASHELLS,2037,15
62700,,,RAINFOREST_RESIN,SEASHELLS,9998,1
62700,,,SQUID_INK,SEASHELLS,1837,15
62800,,,RAINFOREST_RESIN,SEASHELLS,9995,12
62900,,SUBMISSION,RAINFOREST_RESIN,SEASHELLS,10002,11
63100,SUBMISSION,,RAINFOREST_RESIN,SEASHELLS,9998,1
63300,,SUBMISSION,KELP,SEASHELLS,2036,1
63300,,SUBMISSION,RAINFOREST_RESIN,SEASHELLS,10002,4
63300,,SUBMISSION,SQUID_INK,SEASHELLS,1837,1
63300,,,RAINFOREST_RESIN,SEASHELLS,10002,1
63500,,SUBMISSION,SQUID_INK,SEASHELLS,1837,3
63600,,SUBMISSION,KELP,SEASHELLS,2036,1
63600,,SUBMISSION,SQUID_INK,SEASHELLS,1838,1
63700,SUBMISSION,,KELP,SEASHELLS,2035,5
63700,SUBMISSION,,KELP,SEASHELLS,2035,7
63700,SUBMISSION,,RAINFOREST_RESIN,SEASHELLS,10000,5
63700,SUBMISSION,,SQUID_INK,SEASHELLS,1836,5
63700,,,KELP,SEASHELLS,2035,0
63700,,,KELP,SEASHELLS,2037,12
63700,,,SQUID_INK,SEASHELLS,1837,7
63700,,,SQUID_INK,SEASHELLS,1837,5
63800,SUBMISSION,,RAINFOREST_RESIN,SEASHELLS,9998,1
63900,SUBMISSION,,KELP,SEASHELLS,2035,2
63900,,,SQUID_INK,SEASHELLS,1834,2
64000,SUBMISSION,,RAINFOREST_RESIN,SEASHELLS,9998,1
64000,SUBMISSION,,RAINFOREST_RESIN,SEASHELLS,9998,10
64000,,,KELP,SEASHELLS,2034,1
64000,,,SQUID_INK,SEASHELLS,1831,1
64100,SUBMISSION,,KELP,SEASHELLS,2035,4
64500,,SUBMISSION,SQUID_INK,SEASHELLS,1836,7
64500,,SUBMISSION,SQUID_INK,SEASHELLS,1836,20
64500,,SUBMISSION,SQUID_INK,SEASHELLS,1836,2
64600,,SUBMISSION,SQUID_INK,SEASHELLS,1836,27
64600,,SUBMISSION,SQUID_INK,SEASHELLS,1836,2
64600,,,RAINFOREST_RESIN,SEASHELLS,9996,2
64700,,SUBMISSION,RAINFOREST_RESIN,SEASHELLS,10002,1
64700,,SUBMISSION,SQUID_INK,SEASHELLS,1839,28
64700,,SUBMISSION,SQUID_INK,SEASHELLS,1839,1
64800,SUBMISSION,,KELP,SEASHELLS,2034,1
64800,,SUBMISSION,SQUID_INK,SEASHELLS,1838,13
64800,,,SQUID_INK,SEASHELLS,1838,1
64900,SUBMISSION,,RAINFOREST_RESIN,SEASHELLS,9998,4
65000,,SUBMISSION,KELP,SEASHELLS,2036,1
65200,,,KELP,SEASHELLS,2034,1
65200,,,SQUID_INK,SEASHELLS,1838,1
65400,SUBMISSION,,SQUID_INK,SEASHELLS,1838,2
65400,,,KELP,SEASHELLS,2034,1
65400,,,KELP,SEASHELLS,2034,2
65400,,,SQUID_INK,SEASHELLS,1838,1
65700,,,KELP,SEASHELLS,2034,1
65700,,,SQUID_INK,SEASHELLS,1837,1
65800,,SUBMISSION,RAINFOREST_RESIN,SEASHELLS,10002,4
65800,,,RAINFOREST_RESIN,SEASHELLS,10002,1
66100,,SUBMISSION,KELP,SEASHELLS,2036,1
66100,,,KELP,SEASHELLS,2037,2
66100,,,RAINFOREST_RESIN,SEASHELLS,10004,2
66100,,,SQUID_INK,SEASHELLS,1840,2
66200,,SUBMISSION,RAINFOREST_RESIN,SEASHELLS,10002,1
66300,,,KELP,SEASHELLS,2037,4
66300,,,SQUID_INK,SEASHELLS,1840,4
66500,,SUBMISSION,KELP,SEASHELLS,2036,1
66500,,,KELP,SEASHELLS,2037,11
66500,,,SQUID_INK,SEASHELLS,1840,11
66600,,SUBMISSION,RAINFOREST_RESIN,SEASHELLS,10002,3
66600,SUBMISSION,,SQUID_INK,SEASHELLS,1838,29
66600,SUBMISSION,,SQUID_INK,SEASHELLS,1838,2
66600,,,RAINFOREST_RESIN,SEASHELLS,9998,1
66700,SUBMISSION,,SQUID_INK,SEASHELLS,1836,25
66700,SUBMISSION,,SQUID_INK,SEASHELLS,1836,1
66800,SUBMISSION,,SQUID_INK,SEASHELLS,1835,25
66800,SUBMISSION,,SQUID_INK,SEASHELLS,1835,1
66900,SUBMISSION,,SQUID_INK,SEASHELLS,1835,15
67200,SUBMISSION,,KELP,SEASHELLS,2035,6
67400,,,RAINFOREST_RESIN,SEASHELLS,9996,1
67400,,,RAINFOREST_RESIN,SEASHELLS,9996,4
67700,SUBMISSION,,KELP,SEASHELLS,2035,2
67700,,,SQUID_INK,SEASHELLS,1832,3
67800,,,RAINFOREST_RESIN,SEASHELLS,9996,2
67800,,,RAINFOREST_RESIN,SEASHELLS,9996,3
68000,,SUBMISSION,KELP,SEASHELLS,2036,1
68000,,SUBMISSION,SQUID_INK,SEASHELLS,1835,1
68000,,,RAINFOREST_RESIN,SEASHELLS,10002,1
68100,,SUBMISSION,SQUID_INK,SEASHELLS,1836,7
68100,,SUBMISSION,SQUID_INK,SEASHELLS,1836,1
68200,SUBMISSION,,RAINFOREST_RESIN,SEASHELLS,9998,1
68200,,SUBMISSION,SQUID_INK,SEASHELLS,1835,23
68200,,SUBMISSION,SQUID_INK,SEASHELLS,1835,1
68300,,SUBMISSION,SQUID_INK,SEASHELLS,1835,1
68400,,SUBMISSION,RAINFOREST_RESIN,SEASHELLS,10002,1
68500,SUBMISSION,,KELP,SEASHELLS,2035,1
68500,,SUBMISSION,SQUID_INK,SEASHELLS,1836,22
68500,,SUBMISSION,SQUID_INK,SEASHELLS,1836,1
68500,,,KELP,SEASHELLS,2036,1
68500,,,KELP,SEASHELLS,2035,1
68500,,,RAINFOREST_RESIN,SEASHELLS,10004,1
68500,,,SQUID_INK,SEASHELLS,1838,1
68500,,,SQUID_INK,SEASHELLS,1838,1
68600,SUBMISSION,,RAINFOREST_RESIN,SEASHELLS,9998,1
68600,,SUBMISSION,SQUID_INK,SEASHELLS,1838,27
68700,,SUBMISSION,SQUID_INK,SEASHELLS,1838,16
69100,,,KELP,SEASHELLS,2034,1
69100,,,RAINFOREST_RESIN,SEASHELLS,9996,1
69100,,,SQUID_INK,SEASHELLS,1837,1
69700,,SUBMISSION,RAINFOREST_RESIN,SEASHELLS,10002,1
69800,,,KELP,SEASHELLS,2034,1
69800,,,SQUID_INK,SEASHELLS,1837,1
69900,,SUBMISSION,RAINFOREST_RESIN,SEASHELLS,10002,1
70100,,SUBMISSION,RAINFOREST_RESIN,SEASHELLS,10002,1
70100,,,KELP,SEASHELLS,2034,1
70100,,,SQUID_INK,SEASHELLS,1839,1
70300,,,KELP,SEASHELLS,2037,1
70300,,,RAINFOREST_RESIN,SEASHELLS,10004,1
70300,,,SQUID_INK,SEASHELLS,1841,1
70400,,SUBMISSION,RAINFOREST_RESIN,SEASHELLS,10002,1
70400,,SUBMISSION,RAINFOREST_RESIN,SEASHELLS,10002,12
70500,,SUBMISSION,RAINFOREST_RESIN,SEASHELLS,10002,1
70500,,,KELP,SEASHELLS,2034,3
70500,,,SQUID_INK,SEASHELLS,1838,3
70600,,,KELP,SEASHELLS,2034,1
70600,,,SQUID_INK,SEASHELLS,1839,1
70700,,,KELP,SEASHELLS,2037,1
70700,,,RAINFOREST_RESIN,SEASHELLS,10005,1
70700,,,SQUID_INK,SEASHELLS,1841,1
70800,SUBMISSION,,RAINFOREST_RESIN,SEASHELLS,9998,4
70800,SUBMISSION,,RAINFOREST_RESIN,SEASHELLS,9998,1
70900,,,KELP,SEASHELLS,2034,1
70900,,,SQUID_INK,SEASHELLS,1838,1
71000,SUBMISSION,,RAINFOREST_RESIN,SEASHELLS,9998,3
71000,SUBMISSION,,SQUID_INK,SEASHELLS,1838,1
71000,,,KELP,SEASHELLS,2036,1
71000,,,RAINFOREST_RESIN,SEASHELLS,9998,8
71000,,,SQUID_INK,SEASHELLS,1839,1
71100,,,RAINFOREST_RESIN,SEASHELLS,9998,4
71200,SUBMISSION,,RAINFOREST_RESIN,SEASHELLS,9998,1
71300,SUBMISSION,,SQUID_INK,SEASHELLS,1839,8
71400,,SUBMISSION,RAINFOREST_RESIN,SEASHELLS,10002,2
71400,SUBMISSION,,SQUID_INK,SEASHELLS,1839,6
71400,,,RAINFOREST_RESIN,SEASHELLS,9996,2
71400,,,RAINFOREST_RESIN,SEASHELLS,9996,2
71600,,SUBMISSION,SQUID_INK,SEASHELLS,1841,15
71700,SUBMISSION,,RAINFOREST_RESIN,SEASHELLS,9998,1
71700,,,KELP,SEASHELLS,2033,1
71700,,,RAINFOREST_RESIN,SEASHELLS,9996,1
71700,,,SQUID_INK,SEASHELLS,1843,1
71800,SUBMISSION,,RAINFOREST_RESIN,SEASHELLS,9998,1
72100,SUBMISSION,,RAINFOREST_RESIN,SEASHELLS,9998,1
72200,SUBMISSION,,RAINFOREST_RESIN,SEASHELLS,9998,1
72500,,SUBMISSION,RAINFOREST_RESIN,SEASHELLS,10000,4
72800,,,KELP,SEASHELLS,2034,8
72800,,,SQUID_INK,SEASHELLS,1846,8
73400,SUBMISSION,,SQUID_INK,SEASHELLS,1844,30
73400,,,RAINFOREST_RESIN,SEASHELLS,10002,1
73500,SUBMISSION,,SQUID_INK,SEASHELLS,1842,24
73500,SUBMISSION,,SQUID_INK,SEASHELLS,1842,1
73600,SUBMISSION,,RAINFOREST_RESIN,SEASHELLS,9998,1
73600,SUBMISSION,,SQUID_INK,SEASHELLS,1841,30
73600,,,KELP,SEASHELLS,2033,2
73600,,,RAINFOREST_RESIN,SEASHELLS,9995,2
73600,,,SQUID_INK,SEASHELLS,1838,2
73700,,SUBMISSION,RAINFOREST_RESIN,SEASHELLS,10002,4
73700,SUBMISSION,,SQUID_INK,SEASHELLS,1842,15
73900,,,KELP,SEASHELLS,2037,2
73900,,,RAINFOREST_RESIN,SEASHELLS,10005,2
73900,,,SQUID_INK,SEASHELLS,1841,2
74000,,,RAINFOREST_RESIN,SEASHELLS,9998,1
74200,,,KELP,SEASHELLS,2035,2
74200,,,RAINFOREST_RESIN,SEASHELLS,10002,1
74200,,,RAINFOREST_RESIN,SEASHELLS,10002,1
74200,,,SQUID_INK,SEASHELLS,1834,2
74300,,,KELP,SEASHELLS,2036,1
74300,,,KELP,SEASHELLS,2035,1
74300,,,RAINFOREST_RESIN,SEASHELLS,9998,1
74300,,,RAINFOREST_RESIN,SEASHELLS,10004,1
74300,,,SQUID_INK,SEASHELLS,1834,1
74300,,,SQUID_INK,SEASHELLS,1833,1
74500,,SUBMISSION,KELP,SEASHELLS,2036,1
74500,,,SQUID_INK,SEASHELLS,1832,1
74600,SUBMISSION,,RAINFOREST_RESIN,SEASHELLS,9998,2
75000,SUBMISSION,,RAINFOREST_RESIN,SEASHELLS,9998,4
75000,,,KELP,SEASHELLS,2034,1
75000,,,RAINFOREST_RESIN,SEASHELLS,9996,1
75000,,,SQUID_INK,SEASHELLS,1830,1
75500,,,KELP,SEASHELLS,2034,2
75500,,,RAINFOREST_RESIN,SEASHELLS,9996,1
75500,,,SQUID_INK,SEASHELLS,1831,2
75600,SUBMISSION,,RAINFOREST_RESIN,SEASHELLS,9998,9
75700,,SUBMISSION,KELP,SEASHELLS,2036,1
75700,,SUBMISSION,SQUID_INK,SEASHELLS,1833,1
75700,,,KELP,SEASHELLS,2037,2
75700,,,RAINFOREST_RESIN,SEASHELLS,10004,2
75700,,,SQUID_INK,SEASHELLS,1834,2
75800,,SUBMISSION,KELP,SEASHELLS,2036,1
75800,,SUBMISSION,SQUID_INK,SEASHELLS,1834,1
75900,,SUBMISSION,SQUID_INK,SEASHELLS,1833,22
75900,,SUBMISSION,SQUID_INK,SEASHELLS,1833,2
76000,,SUBMISSION,SQUID_INK,SEASHELLS,1834,3
76000,,SUBMISSION,SQUID_INK,SEASHELLS,1834,30
76000,,SUBMISSION,SQUID_INK,SEASHELLS,1834,1
76100,,SUBMISSION,RAINFOREST_RESIN,SEASHELLS,10002,1
76300,SUBMISSION,,SQUID_INK,SEASHELLS,1833,21
76300,SUBMISSION,,SQUID_INK,SEASHELLS,1833,1
76400,SUBMISSION,,SQUID_INK,SEASHELLS,1833,28
76500,SUBMISSION,,SQUID_INK,SEASHELLS,1828,10
76700,,,KELP,SEASHELLS,2034,1
76700,,,KELP,SEASHELLS,2034,2
76700,,,RAINFOREST_RESIN,SEASHELLS,9998,2
76700,,,SQUID_INK,SEASHELLS,1826,1
76700,,,SQUID_INK,SEASHELLS,1826,2
76900,,,KELP,SEASHELLS,2034,1
76900,,,SQUID_INK,SEASHELLS,1820,1
77100,,SUBMISSION,KELP,SEASHELLS,2036,5
77300,,,KELP,SEASHELLS,2034,1
77300,,,SQUID_INK,SEASHELLS,1821,1
77400,,,KELP,SEASHELLS,2036,3
77400,,,SQUID_INK,SEASHELLS,1824,3
77700,,SUBMISSION,RAINFOREST_RESIN,SEASHELLS,10002,1
77900,,SUBMISSION,KELP,SEASHELLS,2037,1
77900,SUBMISSION,,RAINFOREST_RESIN,SEASHELLS,9998,1
77900,,SUBMISSION,SQUID_INK,SEASHELLS,1824,1
78100,,,KELP,SEASHELLS,2035,1
78100,,,SQUID_INK,SEASHELLS,1821,1
78200,,SUBMISSION,KELP,SEASHELLS,2037,1
78200,,SUBMISSION,RAINFOREST_RESIN,SEASHELLS,10002,1
78200,SUBMISSION,,SQUID_INK,SEASHELLS,1822,1
78200,,,SQUID_INK,SEASHELLS,1821,1
78500,,,RAINFOREST_RESIN,SEASHELLS,10004,2
78500,,,RAINFOREST_RESIN,SEASHELLS,10004,1
78700,,,RAINFOREST_RESIN,SEASHELLS,9996,1
78700,,,RAINFOREST_RESIN,SEASHELLS,9996,5
78900,SUBMISSION,,RAINFOREST_RESIN,SEASHELLS,9998,1
79100,SUBMISSION,,RAINFOREST_RESIN,SEASHELLS,9998,5
79200,,,RAINFOREST_RESIN,SEASHELLS,10002,3
79400,,,KELP,SEASHELLS,2038,1
79400,,,RAINFOREST_RESIN,SEASHELLS,10005,1
79400,,,SQUID_INK,SEASHELLS,1823,1
79500,,SUBMISSION,KELP,SEASHELLS,2037,7
79500,,,KELP,SEASHELLS,2035,1
79500,,,RAINFOREST_RESIN,SEASHELLS,10004,2
79500,,,SQUID_INK,SEASHELLS,1816,1
80000,SUBMISSION,,KELP,SEASHELLS,2035,1
80000,,,SQUID_INK,SEASHELLS,1815,1
80100,,,KELP,SEASHELLS,2034,1
80100,,,RAINFOREST_RESIN,SEASHELLS,9996,1
80100,,,SQUID_INK,SEASHELLS,1811,1
80300,SUBMISSION,,KELP,SEASHELLS,2036,6
80300,,,SQUID_INK,SEASHELLS,1806,6
80500,SUBMISSION,,KELP,SEASHELLS,2035,2
80500,SUBMISSION,,RAINFOREST_RESIN,SEASHELLS,9998,1
80500,,,KELP,SEASHELLS,2038,1
80500,,,RAINFOREST_RESIN,SEASHELLS,10004,1
80500,,,SQUID_INK,SEASHELLS,1805,2
80500,,,SQUID_INK,SEASHELLS,1808,1
81200,,,KELP,SEASHELLS,2037,1
81200,,,RAINFOREST_RESIN,SEASHELLS,10002,2
81200,,,SQUID_INK,SEASHELLS,1807,2
81300,,SUBMISSION,KELP,SEASHELLS,2036,1
81300,,SUBMISSION,RAINFOREST_RESIN,SEASHELLS,10002,1
81300,,SUBMISSION,SQUID_INK,SEASHELLS,1806,1
81300,,,KELP,SEASHELLS,2038,2
81300,,,RAINFOREST_RESIN,SEASHELLS,10004,2
81300,,,SQUID_INK,SEASHELLS,1808,2
81400,,SUBMISSION,SQUID_INK,SEASHELLS,1807,21
81400,,SUBMISSION,SQUID_INK,SEASHELLS,1807,1
81500,,SUBMISSION,SQUID_INK,SEASHELLS,1807,22
81500,,,RAINFOREST_RESIN,SEASHELLS,9998,1
81600,,SUBMISSION,RAINFOREST_RESIN,SEASHELLS,10002,1
81600,,SUBMISSION,SQUID_INK,SEASHELLS,1808,28
81700,,SUBMISSION,SQUID_INK,SEASHELLS,1807,24
81700,,SUBMISSION,SQUID_INK,SEASHELLS,1807,2
81800,,SUBMISSION,SQUID_INK,SEASHELLS,1812,1
82000,,,RAINFOREST_RESIN,SEASHELLS,10002,1
82100,SUBMISSION,,RAINFOREST_RESIN,SEASHELLS,9998,1
82100,,,RAINFOREST_RESIN,SEASHELLS,9998,4
82300,,,RAINFOREST_RESIN,SEASHELLS,10004,2
82300,,,RAINFOREST_RESIN,SEASHELLS,10004,7
82500,SUBMISSION,,RAINFOREST_RESIN,SEASHELLS,9998,3
82500,SUBMISSION,,SQUID_INK,SEASHELLS,1804,23
82500,SUBMISSION,,SQUID_INK,SEASHELLS,1804,1
82600,SUBMISSION,,KELP,SEASHELLS,2036,5
82600,SUBMISSION,,SQUID_INK,SEASHELLS,1804,5
82600,,,KELP,SEASHELLS,2035,14
82600,,,SQUID_INK,SEASHELLS,1803,14
82700,SUBMISSION,,SQUID_INK,SEASHELLS,1808,29
82700,SUBMISSION,,SQUID_INK,SEASHELLS,1808,1
82800,SUBMISSION,,SQUID_INK,SEASHELLS,1806,1
82900,SUBMISSION,,SQUID_INK,SEASHELLS,1807,20
82900,SUBMISSION,,SQUID_INK,SEASHELLS,1807,1
83100,SUBMISSION,,RAINFOREST_RESIN,SEASHELLS,9998,5
83300,SUBMISSION,,SQUID_INK,SEASHELLS,1804,19
83500,,SUBMISSION,KELP,SEASHELLS,2037,1
83600,,,KELP,SEASHELLS,2035,2
83600,,,RAINFOREST_RESIN,SEASHELLS,9998,1
83600,,,RAINFOREST_RESIN,SEASHELLS,9998,1
83600,,,SQUID_INK,SEASHELLS,1803,2
83800,SUBMISSION,,RAINFOREST_RESIN,SEASHELLS,9998,2
83800,,,RAINFOREST_RESIN,SEASHELLS,9995,11
84000,,,KELP,SEASHELLS,2035,1
84000,,,SQUID_INK,SEASHELLS,1798,1
84300,,,KELP,SEASHELLS,2035,1
84300,,,SQUID_INK,SEASHELLS,1797,1
84700,,,RAINFOREST_RESIN,SEASHELLS,10002,1
84700,,,RAINFOREST_RESIN,SEASHELLS,10002,2
84900,,SUBMISSION,SQUID_INK,SEASHELLS,1801,22
85000,SUBMISSION,,KELP,SEASHELLS,2036,3
85000,,SUBMISSION,SQUID_INK,SEASHELLS,1802,23
85000,,SUBMISSION,SQUID_INK,SEASHELLS,1802,1
85100,,SUBMISSION,SQUID_INK,SEASHELLS,1803,30
85100,,SUBMISSION,SQUID_INK,SEASHELLS,1803,1
85100,,,RAINFOREST_RESIN,SEASHELLS,9996,1
85200,,SUBMISSION,SQUID_INK,SEASHELLS,1806,4
85300,,SUBMISSION,SQUID_INK,SEASHELLS,1807,19
85500,,,KELP,SEASHELLS,2037,1
85500,,,SQUID_INK,SEASHELLS,1808,1
85800,SUBMISSION,,KELP,SEASHELLS,2035,2
85800,,,KELP,SEASHELLS,2035,2
85800,,,SQUID_INK,SEASHELLS,1808,2
85800,,,SQUID_INK,SEASHELLS,1808,2
85900,SUBMISSION,,RAINFOREST_RESIN,SEASHELLS,9998,6
85900,,,RAINFOREST_RESIN,SEASHELLS,10002,1
85900,,,RAINFOREST_RESIN,SEASHELLS,9998,2
86000,,,KELP,SEASHELLS,2036,1
86000,,,SQUID_INK,SEASHELLS,1815,1
86100,,,KELP,SEASHELLS,2035,1
86100,,,SQUID_INK,SEASHELLS,1812,1
86200,,,KELP,SEASHELLS,2035,1
86200,,,SQUID_INK,SEASHELLS,1815,1
86600,,,KELP,SEASHELLS,2035,1
86600,,,RAINFOREST_RESIN,SEASHELLS,10002,1
86600,,,SQUID_INK,SEASHELLS,1811,1
86700,,,KELP,SEASHELLS,2036,1
86700,,,SQUID_INK,SEASHELLS,1812,1
86800,SUBMISSION,,SQUID_INK,SEASHELLS,1813,30
86900,SUBMISSION,,SQUID_INK,SEASHELLS,1811,1
86900,,,KELP,SEASHELLS,2037,1
86900,,,SQUID_INK,SEASHELLS,1812,1
87000,SUBMISSION,,SQUID_INK,SEASHELLS,1812,1
87000,,,KELP,SEASHELLS,2034,1
87000,,,RAINFOREST_RESIN,SEASHELLS,9996,1
87000,,,SQUID_INK,SEASHELLS,1809,1
87200,SUBMISSION,,SQUID_INK,SEASHELLS,1811,23
87300,SUBMISSION,,SQUID_INK,SEASHELLS,1810,27
87300,SUBMISSION,,SQUID_INK,SEASHELLS,1810,2
87300,,,RAINFOREST_RESIN,SEASHELLS,9996,2
87300,,,RAINFOREST_RESIN,SEASHELLS,9996,5
87400,,,KELP,SEASHELLS,2034,1
87400,,,SQUID_INK,SEASHELLS,1808,1
87600,SUBMISSION,,SQUID_INK,SEASHELLS,1810,16
87600,,,SQUID_INK,SEASHELLS,1809,1
87800,,,RAINFOREST_RESIN,SEASHELLS,9998,1
88000,,SUBMISSION,RAINFOREST_RESIN,SEASHELLS,10002,1
88000,,,RAINFOREST_RESIN,SEASHELLS,9996,2
88000,,,RAINFOREST_RESIN,SEASHELLS,9996,2
88200,SUBMISSION,,RAINFOREST_RESIN,SEASHELLS,9998,1
88200,,,KELP,SEASHELLS,2037,1
88200,,,RAINFOREST_RESIN,SEASHELLS,9998,1
88200,,,RAINFOREST_RESIN,SEASHELLS,9998,1
88200,,,SQUID_INK,SEASHELLS,1808,1
88400,,,KELP,SEASHELLS,2036,1
88400,,,SQUID_INK,SEASHELLS,1809,1
88500,,,KELP,SEASHELLS,2038,1
88500,,,RAINFOREST_RESIN,SEASHELLS,10005,1
88500,,,SQUID_INK,SEASHELLS,1809,1
89100,,,KELP,SEASHELLS,2035,1
89100,,,SQUID_INK,SEASHELLS,1807,1
89600,,,KELP,SEASHELLS,2034,1
89600,,,KELP,SEASHELLS,2034,10
89600,,,SQUID_INK,SEASHELLS,1805,10
89800,,SUBMISSION,KELP,SEASHELLS,2037,1
89800,,,SQUID_INK,SEASHELLS,1806,1
89900,,,KELP,SEASHELLS,2038,1
89900,,,RAINFOREST_RESIN,SEASHELLS,10004,1
89900,,,SQUID_INK,SEASHELLS,1809,1
90100,SUBMISSION,,KELP,SEASHELLS,2036,1
90100,,,RAINFOREST_RESIN,SEASHELLS,9998,1
90200,,,KELP,SEASHELLS,2036,1
90200,,,RAINFOREST_RESIN,SEASHELLS,10004,1
90200,,,SQUID_INK,SEASHELLS,1805,1
90300,,SUBMISSION,RAINFOREST_RESIN,SEASHELLS,10002,1
90300,,,KELP,SEASHELLS,2038,2
90300,,,RAINFOREST_RESIN,SEASHELLS,10005,2
90300,,,SQUID_INK,SEASHELLS,1808,2
90400,,,KELP,SEASHELLS,2034,8
90400,,,SQUID_INK,SEASHELLS,1806,8
90500,,SUBMISSION,SQUID_INK,SEASHELLS,1808,8
90500,,,KELP,SEASHELLS,2037,1
90500,,,RAINFOREST_RESIN,SEASHELLS,10004,1
90500,,,SQUID_INK,SEASHELLS,1810,1
90700,,,KELP,SEASHELLS,2038,1
90700,,,RAINFOREST_RESIN,SEASHELLS,10005,1
90700,,,SQUID_INK,SEASHELLS,1809,1
90800,SUBMISSION,,RAINFOREST_RESIN,SEASHELLS,9998,1
91000,,SUBMISSION,RAINFOREST_RESIN,SEASHELLS,10002,1
91000,,,RAINFOREST_RESIN,SEASHELLS,9996,2
91100,SUBMISSION,,SQUID_INK,SEASHELLS,1806,8
91300,,SUBMISSION,RAINFOREST_RESIN,SEASHELLS,10002,3
91600,,SUBMISSION,KELP,SEASHELLS,2036,3
91600,,,KELP,SEASHELLS,2036,1
91600,,,SQUID_INK,SEASHELLS,1801,1
91800,,SUBMISSION,SQUID_INK,SEASHELLS,1807,5
91800,,,KELP,SEASHELLS,2034,1
91800,,,SQUID_INK,SEASHELLS,1806,1
91900,,SUBMISSION,KELP,SEASHELLS,2036,3
91900,,SUBMISSION,SQUID_INK,SEASHELLS,1809,3
91900,,,KELP,SEASHELLS,2036,2
91900,,,SQUID_INK,SEASHELLS,1809,2
92000,,SUBMISSION,SQUID_INK,SEASHELLS,1807,6
92000,,SUBMISSION,SQUID_INK,SEASHELLS,1807,23
92000,,SUBMISSION,SQUID_INK,SEASHELLS,1807,1
92100,,SUBMISSION,SQUID_INK,SEASHELLS,1807,29
92100,,SUBMISSION,SQUID_INK,SEASHELLS,1807,2
92200,,SUBMISSION,RAINFOREST_RESIN,SEASHELLS,10002,3
92200,,SUBMISSION,SQUID_INK,SEASHELLS,1807,29
92300,,SUBMISSION,SQUID_INK,SEASHELLS,1807,2
92300,,,KELP,SEASHELLS,2034,1
92300,,,KELP,SEASHELLS,2037,1
92300,,,RAINFOREST_RESIN,SEASHELLS,10004,1
92300,,,SQUID_INK,SEASHELLS,1807,1
92300,,,SQUID_INK,SEASHELLS,1810,1
92400,,,KELP,SEASHELLS,2037,2
92400,,,RAINFOREST_RESIN,SEASHELLS,10002,2
92400,,,SQUID_INK,SEASHELLS,1811,2
92600,,,KELP,SEASHELLS,2034,1
92600,,,SQUID_INK,SEASHELLS,1810,1
93100,SUBMISSION,,RAINFOREST_RESIN,SEASHELLS,10000,1
93100,,,RAINFOREST_RESIN,SEASHELLS,10002,1
93300,SUBMISSION,,SQUID_INK,SEASHELLS,1811,6
93300,SUBMISSION,,SQUID_INK,SEASHELLS,1811,1
93500,,SUBMISSION,KELP,SEASHELLS,2036,5
93500,,SUBMISSION,SQUID_INK,SEASHELLS,1817,5
93600,SUBMISSION,,RAINFOREST_RESIN,SEASHELLS,9998,1
93600,,SUBMISSION,SQUID_INK,SEASHELLS,1815,2
93600,,,KELP,SEASHELLS,2038,1
93600,,,RAINFOREST_RESIN,SEASHELLS,10002,1
93600,,,SQUID_INK,SEASHELLS,1818,1
93800,SUBMISSION,,RAINFOREST_RESIN,SEASHELLS,9998,5
94500,SUBMISSION,,SQUID_INK,SEASHELLS,1815,21
94500,,,KELP,SEASHELLS,2038,15
94600,SUBMISSION,,SQUID_INK,SEASHELLS,1815,28
94700,,SUBMISSION,SQUID_INK,SEASHELLS,1819,1
94700,,,KELP,SEASHELLS,2036,1
94800,,,KELP,SEASHELLS,2034,2
94800,,,RAINFOREST_RESIN,SEASHELLS,9996,1
94800,,,RAINFOREST_RESIN,SEASHELLS,9996,1
94800,,,SQUID_INK,SEASHELLS,1815,2
94900,,SUBMISSION,RAINFOREST_RESIN,SEASHELLS,10002,4
94900,,SUBMISSION,SQUID_INK,SEASHELLS,1818,26
94900,,SUBMISSION,SQUID_INK,SEASHELLS,1818,2
95100,,,KELP,SEASHELLS,2036,1
95100,,,SQUID_INK,SEASHELLS,1816,1
95300,,,KELP,SEASHELLS,2036,1
95300,,,SQUID_INK,SEASHELLS,1817,1
95400,SUBMISSION,,SQUID_INK,SEASHELLS,1816,1
95500,SUBMISSION,,SQUID_INK,SEASHELLS,1815,3
95600,SUBMISSION,,RAINFOREST_RESIN,SEASHELLS,9998,1
95600,SUBMISSION,,SQUID_INK,SEASHELLS,1816,21
95700,,SUBMISSION,RAINFOREST_RESIN,SEASHELLS,10002,1
95700,,,RAINFOREST_RESIN,SEASHELLS,10002,7
95800,SUBMISSION,,RAINFOREST_RESIN,SEASHELLS,9998,1
95800,SUBMISSION,,SQUID_INK,SEASHELLS,1816,21
95800,SUBMISSION,,SQUID_INK,SEASHELLS,1816,1
95800,,,KELP,SEASHELLS,2034,1
95800,,,SQUID_INK,SEASHELLS,1813,1
95900,,SUBMISSION,KELP,SEASHELLS,2036,1
96000,,SUBMISSION,KELP,SEASHELLS,2036,1
96100,,,KELP,SEASHELLS,2034,1
96100,,,KELP,SEASHELLS,2037,2
96100,,,RAINFOREST_RESIN,SEASHELLS,10002,2
96100,,,SQUID_INK,SEASHELLS,1814,1
96100,,,SQUID_INK,SEASHELLS,1817,2
96400,,SUBMISSION,SQUID_INK,SEASHELLS,1816,7
96400,,,KELP,SEASHELLS,2034,7
96400,,,KELP,SEASHELLS,2034,3
96400,,,SQUID_INK,SEASHELLS,1815,10
96600,,,KELP,SEASHELLS,2034,1
96600,,,KELP,SEASHELLS,2036,1
96600,,,SQUID_INK,SEASHELLS,1814,1
96600,,,SQUID_INK,SEASHELLS,1815,1
96700,SUBMISSION,,KELP,SEASHELLS,2036,2
96700,SUBMISSION,,SQUID_INK,SEASHELLS,1815,2
96900,SUBMISSION,,RAINFOREST_RESIN,SEASHELLS,9998,1
97200,SUBMISSION,,KELP,SEASHELLS,2035,5
97200,,,SQUID_INK,SEASHELLS,1813,5
97300,,SUBMISSION,KELP,SEASHELLS,2037,1
97300,SUBMISSION,,SQUID_INK,SEASHELLS,1815,21
97400,,SUBMISSION,KELP,SEASHELLS,2037,1
97400,,SUBMISSION,SQUID_INK,SEASHELLS,1816,1
97600,,SUBMISSION,RAINFOREST_RESIN,SEASHELLS,10000,6
97600,,SUBMISSION,SQUID_INK,SEASHELLS,1816,4
97600,,,SQUID_INK,SEASHELLS,1816,2
97900,,SUBMISSION,RAINFOREST_RESIN,SEASHELLS,10002,3
98000,,,RAINFOREST_RESIN,SEASHELLS,10004,2
98000,,,RAINFOREST_RESIN,SEASHELLS,10004,3
98100,,,KELP,SEASHELLS,2034,1
98100,,,RAINFOREST_RESIN,SEASHELLS,9998,1
98100,,,SQUID_INK,SEASHELLS,1814,1
98200,,,KELP,SEASHELLS,2034,6
98200,,,SQUID_INK,SEASHELLS,1814,6
98300,SUBMISSION,,KELP,SEASHELLS,2035,3
98300,SUBMISSION,,RAINFOREST_RESIN,SEASHELLS,9998,1
98500,SUBMISSION,,RAINFOREST_RESIN,SEASHELLS,9998,1
98500,,SUBMISSION,SQUID_INK,SEASHELLS,1816,30
98500,,SUBMISSION,SQUID_INK,SEASHELLS,1816,2
98600,,,RAINFOREST_RESIN,SEASHELLS,10005,9
98800,SUBMISSION,,SQUID_INK,SEASHELLS,1815,23
98800,SUBMISSION,,SQUID_INK,SEASHELLS,1815,2
98900,,,RAINFOREST_RESIN,SEASHELLS,10004,1
98900,,,RAINFOREST_RESIN,SEASHELLS,10005,2
99000,SUBMISSION,,SQUID_INK,SEASHELLS,1812,27
99000,SUBMISSION,,SQUID_INK,SEASHELLS,1812,1
99100,SUBMISSION,,SQUID_INK,SEASHELLS,1814,1
99200,,,KELP,SEASHELLS,2034,2
99200,,,RAINFOREST_RESIN,SEASHELLS,9995,2
99200,,,SQUID_INK,SEASHELLS,1811,2
99300,,SUBMISSION,KELP,SEASHELLS,2037,1
99300,SUBMISSION,,RAINFOREST_RESIN,SEASHELLS,9998,1
99500,SUBMISSION,,RAINFOREST_RESIN,SEASHELLS,9998,3
99500,,SUBMISSION,SQUID_INK,SEASHELLS,1814,20
99600,,SUBMISSION,SQUID_INK,SEASHELLS,1815,28
99600,,,KELP,SEASHELLS,2038,12
99600,,,SQUID_INK,SEASHELLS,1818,12
99700,,,KELP,SEASHELLS,2034,2
99700,,,RAINFOREST_RESIN,SEASHELLS,9995,2
99700,,,SQUID_INK,SEASHELLS,1813,2
99900,,SUBMISSION,SQUID_INK,SEASHELLS,1816,26
99900,,SUBMISSION,SQUID_INK,SEASHELLS,1816,1
99900,,,KELP,SEASHELLS,2035,1
99900,,,SQUID_INK,SEASHELLS,1816,1
